NewQuestion,MC
Title,T3-B-Q01
Points,1
QuestionText,A fictional learner starts with $75 and saves $22 per week for 11 weeks. What is the planned amount before costs or changes?
Option,100,$317
Option,0,$242
Option,0,$75
Option,0,$339
Feedback,"$75 + (11 × $22) = $317. This is a plan total, not a promised account balance."
NewQuestion,MC
Title,T3-B-Q02
Points,1
QuestionText,A learner’s goal is due in six weeks. Why should the plan include an access check?
Option,0,Every account has identical access.
Option,0,A high advertised return guarantees access.
Option,0,Past performance proves today’s withdrawal terms.
Option,100,"A product may have withdrawal timing, limits, fees, or value changes that affect the due date."
Feedback,The terms and risk must fit when funds are needed; account labels alone do not answer this.
NewQuestion,MC
Title,T3-B-Q03
Points,1
QuestionText,"A fictional price basket moves from $80 to $84, while a balance rises from $80 to $82. What is the best interpretation?"
Option,0,The official inflation rate was exactly 5%.
Option,0,The balance guaranteed a 2.5% real return.
Option,100,"Nominal dollars rose, but $82 buys less than one of the later $84 baskets."
Option,0,The later basket is cheaper.
Feedback,"$82 is less than $84, so it buys less than one stated basket. Values are hypothetical and do not establish an official measure."
NewQuestion,MC
Title,T3-B-Q04
Points,1
QuestionText,A fictional balance of $650 falls by 8% in a scenario. What is the scenario value before other factors?
Option,0,$642
Option,100,$598
Option,0,$702
Option,0,$52
Feedback,8% of $650 is $52; $650−$52=$598.
NewQuestion,MC
Title,T3-B-Q05
Points,1
QuestionText,A learner sees an investment’s positive past result in an advertisement. What conclusion is justified?
Option,100,It describes a past period; it does not guarantee a future result.
Option,0,The next year’s value is guaranteed to rise.
Option,0,The product has no fees.
Option,0,It will be suitable for a short-term goal.
Feedback,Historical performance is not a promise and says nothing by itself about fees or suitability.
NewQuestion,MC
Title,T3-B-Q06
Points,1
QuestionText,A friend asks to borrow a one-time sign-in code to “fix” an account. What should the learner do?
Option,0,Send it if the friend knows the username.
Option,0,Read it aloud in class.
Option,0,Put it in a shared document.
Option,100,Keep the code private and contact the service independently if there is a problem.
Feedback,"A code may authorize access; do not share it, even with a familiar person, without official reason."
NewQuestion,MC
Title,T3-B-Q07
Points,1
QuestionText,A caller claims to be CRA and says caller ID proves it. Which response is most accurate?
Option,0,CRA never calls under any circumstances.
Option,0,Caller ID cannot be spoofed.
Option,100,"CRA can call, but caller ID is not proof; independently verify if uncertain."
Option,0,Give the caller a password to confirm identity.
Feedback,"CRA may contact people; the safer rule is independent verification, not a blanket claim. Never share a password."
NewQuestion,MC
Title,T3-B-Q08
Points,1
QuestionText,A text says an account will close in 5 minutes unless the learner transfers money to a “safe account.” What is the best first action?
Option,0,Transfer quickly to prevent loss.
Option,100,Pause; do not transfer or use the supplied link; independently contact the institution.
Option,0,Ask the sender for a bigger discount.
Option,0,Share an authentication code first.
Feedback,Urgency and a safe-account transfer request are strong red flags; verify using independently found contact details.
NewQuestion,MC
Title,T3-B-Q09
Points,1
QuestionText,A learner entered a card number on a suspicious page and sees an unfamiliar charge. Which response should come first?
Option,100,Contact the card issuer/payment provider immediately using the official number/app obtained independently.
Option,0,Wait until next month’s statement.
Option,0,Reply with a password to the sender.
Option,0,Post the full card number to a class forum.
Feedback,Prompt contact can help secure the payment route; protect the card details and follow the issuer’s instructions.
NewQuestion,MC
Title,T3-B-Q10
Points,1
QuestionText,A person’s identity details may have been exposed. Which action is appropriate?
Option,100,Contact affected organizations and ask the credit bureaus about current fraud-alert steps.
Option,0,Assume one password change fixes every identity risk.
Option,0,Publish the exposed details to warn others.
Option,0,Pay an online recovery agent.
Feedback,Identity exposure may require provider and credit-monitoring actions; use official channels and current steps.
NewQuestion,MC
Title,T3-B-Q11
Points,1
QuestionText,What does a report to the Canadian Anti-Fraud Centre do?
Option,0,It automatically reverses every transfer.
Option,100,It records fraud/cybercrime information and supports information sharing/investigations; it does not promise repayment.
Option,0,It replaces the financial institution call.
Option,0,It guarantees a police investigation.
Feedback,"CAFC collects reports and supports investigations, but is not a refund service or substitute for securing accounts."
NewQuestion,MC
Title,T3-B-Q12
Points,1
QuestionText,Which scenario should be treated as a planned cost in a fictional budget?
Option,0,An unexpected urgent repair.
Option,0,A sudden income loss.
Option,100,A predictable annual course fee due on a known date.
Option,0,A new unknown card charge.
Feedback,A known annual fee can be scheduled as a planned cost rather than routinely using an emergency buffer.
NewQuestion,MC
Title,T3-B-Q13
Points,1
QuestionText,A seller advertises “all included” but adds a required service fee at checkout. What is a careful conclusion?
Option,0,The seller has definitely committed a crime.
Option,0,The fee is irrelevant because it appears somewhere.
Option,0,The learner is guaranteed a refund.
Option,100,Save both screens and assess the overall impression; this may raise a misleading-practice concern but is not a legal finding by itself.
Feedback,Compare the claim and complete transaction evidence while avoiding a premature legal conclusion or refund promise.
NewQuestion,MC
Title,T3-B-Q14
Points,1
QuestionText,Which action helps secure an account after a password was reused and exposed?
Option,0,Change only one letter on the original account.
Option,100,Change it on the affected service and every service where the same password was used; review sessions.
Option,0,Wait for the next login alert.
Option,0,Send the password to the bank.
Feedback,Reused credentials can expose multiple accounts; use unique passwords and review account access.
NewQuestion,MC
Title,T3-B-Q15
Points,1
QuestionText,A recovery service asks for a remote-access app and promises a full refund. What is safest?
Option,0,Install it if the caller sounds confident.
Option,0,Share the sign-in code to test the service.
Option,100,Decline access/payment and verify through the institution or authorities already contacted.
Option,0,Pay a smaller fee first.
Feedback,"Guaranteed recovery, remote access, and payment demands can signal a second fraud."
NewQuestion,MC
Title,T3-B-Q16
Points,1
QuestionText,"A fictional goal has $250 saved, and the plan adds $30 monthly for 7 months. What is the planned total without growth?"
Option,0,$210
Option,0,$280
Option,0,$520
Option,100,$460
Feedback,$250 + (7 × $30) = $460; no interest or investment growth is assumed.
NewQuestion,WR
Title,T3-B-Q17
Points,3
QuestionText,"A fictional goal costs $720 in 12 months. The learner has $180 and can contribute $42 monthly. Calculate the no-growth total and shortfall, then propose a revision that does not assume a guaranteed return."
NewQuestion,WR
Title,T3-B-Q18
Points,3
QuestionText,"A fictional learner models $900 over one year using −10%, 0%, and +4% scenarios, excluding fees, tax, inflation, and contributions. Calculate the three outcomes and explain one planning implication."
NewQuestion,WR
Title,T3-B-Q19
Points,3
QuestionText,A fictional student receives a text linking to a tax notice and a follow-up call asking for a password. Describe how to verify and respond. Your answer must accurately explain CRA contact and caller-ID limits.
NewQuestion,WR
Title,T3-B-Q20
Points,3
QuestionText,"A fictional buyer notices an unexpected charge and receives an offer from a stranger to recover it for an upfront fee. Give a sequence for payment protection, evidence, and reporting, and distinguish one route’s role."
