sourceHref,outputPath,bytes
сontent/idf048628-62d1-4cf7-b1a9-3757406f7a8f/u1exploringglobalization/assets/Global_Local_Answers.jpg,exports/supporting-files/1. Globalization and Identity/here-cdba8a7f.jpg,268296
сontent/idf048628-62d1-4cf7-b1a9-3757406f7a8f/u1exploringglobalization/assets/GlobalLocalPhotocredits.png,exports/supporting-files/1. Globalization and Identity/Photo Credits-8b47e3ea.png,196760
сontent/i9209d7ab-e0a3-4d93-9527-65875337a89c/SS101GlobalTextPDF/Chap1_Understandings.pdf,exports/supporting-files/1. Globalization and Identity/Chapter 1-a3298739.pdf,1433865
сontent/ie3df63e5-cbed-4242-a6e9-5acb03e8ffc1/SS101GlobalTextPDF/Chap3_Technologies.pdf,exports/supporting-files/1. Globalization and Identity/Chapter 3-0592619a.pdf,1558821
сontent/i2f5e9c7f-07c5-4d28-bdc5-1ace0498c469/SS101GlobalTextPDF/Chap2_Identity.pdf,exports/supporting-files/1. Globalization and Identity/Chapter 2-0fe8e307.pdf,1469113
сontent/ia7e80143-0254-47e7-b388-3901d29d8a6c/SS101GlobalTextPDF/Chap4_Challenges.pdf,exports/supporting-files/1. Globalization and Identity/Chapter 4-846c262e.pdf,1817619
сontent/i2a20b375-2379-4fc9-b8a1-bb31b4893ca7/SS101GlobalTextPDF/Chap5_Opportunities.pdf,exports/supporting-files/1. Globalization and Identity/Chapter 5-b269dc3f.pdf,1943660
сontent/i2dfda5f4-2e4f-478a-88cc-b6a8df574043/U1exploringglobalization/assets/Impact_on_Identity.ppsx,exports/supporting-files/1. Globalization and Identity/slideshow-9408bf98.ppsx,14738176
сontent/i832b45c5-5447-43e1-980f-bcfba540595a/SS10-1 Unit 1 Study Guide.pdf,exports/supporting-files/1. Globalization and Identity/SS10-1 Unit 1 Study Guide-d8d0c415.pdf,4952892
