phase,original_file,replacement_file,disposition,conceptual_changes,placement,sha256,bytes,alt_text_and_live_explanation,original_sha256,original_archival_location
2,assets/readings/phase2-figures/phase2-growth-equation.png,assets/figures/phase2-growth-equation.svg,corrected native SVG,"Simplified practice/recovery/review model, not mathematical growth or guaranteed adaptation.",effort-recovery,3eefc938bdfaca25cfeba211d28494c978dc873c823399125f6065d95ec11390,2356,True,11befaec063c245b5b12ebd528c7550dc7ab684e23c1acb0c4aa9036a06bf7d2,Supplied SportsWellness_Original_All_Phases_Generation_2026-09-17.zip
2,assets/readings/phase2-figures/phase2-person-situation.png,assets/figures/phase2-person-situation.svg,corrected native SVG,Same performer in changed conditions; no personality-profile prescription.,situation-plan,d769ad9587b9a0e297cc75455598391f37ce254f2d922d6431b3f92b6dfe013b,2982,True,a29e2be91207e9d4627d9e38e7cdbec0e2e6f42fd6e32458bcf107b8d97636d2,Supplied SportsWellness_Original_All_Phases_Generation_2026-09-17.zip
2,assets/readings/phase2-figures/phase2-motivation-continuum.png,assets/figures/phase2-motivation-continuum.svg,corrected native SVG,Amotivation separate; integrated remains extrinsic; no compulsory progression.,motivation-reasons,595322a3b875c340f7c63c5d6bde5545fa56404a65d01b17df8b6023fd3f3d35,3512,True,1f3e692aa33c4c973cafad44a7ed51f40073f0cba5a4a65cba409744ac054ffe,Supplied SportsWellness_Original_All_Phases_Generation_2026-09-17.zip
2,assets/readings/phase2-figures/phase2-integrated-discipline-system.png,assets/figures/phase2-integrated-discipline-system.svg,corrected native SVG,One instance of each influence; simplified synthesis after teaching the components.,situation-plan,dba1512092267af40e9d8b0da438fd9c86b50b6c40649b5589a071c932a9e076,2782,True,0928686b31d2c705ef481bf5781cf9ae32eedc492754b2b47871eea69b8e00e5,Supplied SportsWellness_Original_All_Phases_Generation_2026-09-17.zip
2,assets/readings/phase2-figures/phase2-recovery-continuum.png,assets/figures/phase2-recovery-continuum.svg,corrected native SVG,"Notice, discuss adjustment and obtain support rather than learner diagnosis or fixed recovery timelines.",effort-recovery,2b2593fbb18bfa8677ce11a322b3ea8d7c63953944e3bd2a8a1e850fda0c4bfb,3429,True,300dcc4b5b82d73297f52bbb11d262988eac19ee99b5d4774c6e4948acc874eb,Supplied SportsWellness_Original_All_Phases_Generation_2026-09-17.zip
2,assets/readings/phase2-figures/phase2-psychological-needs.png,assets/figures/phase2-psychological-needs.svg,corrected native SVG,Three needs with plain labels and task examples; effects not guaranteed.,psychological-needs,552df23e1812e3130c130ea80910ce04439f1e6b53f1d15375a2736e2e71be4c,2758,True,818986fa9e7d459454c9392b8161ef2ad5e5d23a3bb14b830c602d5ed9873d51,Supplied SportsWellness_Original_All_Phases_Generation_2026-09-17.zip
3,assets/readings/phase3-figures/phase3-inner-game-equation.png,assets/figures/phase3-inner-game-equation.svg,corrected native SVG,"Attributed Gallwey coaching framework, not anatomy or measured arithmetic.",observation-self-talk,e93831b020e1ab2b64e1c5701dd3057748adfe228eb77b48ff912446c6a92acf,2915,True,c7027d04b793b2c5d2c007059df13965a332d6c933c36d4d260b1b83f211f387,Supplied SportsWellness_Original_All_Phases_Generation_2026-09-17.zip
3,assets/readings/phase3-figures/phase3-reset-sequence.png,assets/figures/phase3-reset-sequence.svg,corrected native SVG,"Notice, qualified reset and task return; no guaranteed calm or causal diagnosis.",reset-return,12550deef9e9752b2a6208bc915a5e7c22aecca8424e15627c536a42e1f0c83f,2603,True,8bf3072690679b5d002532117fbbea55c43c886f0e7a1809db20d8f1988a0f3d,Supplied SportsWellness_Original_All_Phases_Generation_2026-09-17.zip
3,assets/readings/phase3-figures/phase3-precompetition-blueprint.png,assets/figures/phase3-precompetition-blueprint.svg,corrected native SVG,Readable before-task sequence with purpose for each step.,prepare-attention,1e50d04cca2b06c55027346b76f28528f78037485cb54e61f6f16c3fad6940b1,2698,True,c8c58f269c89f8060df57cdbd11eb43ba948d40bc6d4f05f0ae8f1774512202d,Supplied SportsWellness_Original_All_Phases_Generation_2026-09-17.zip
3,assets/readings/phase3-figures/phase3-focus-system-map.png,assets/figures/phase3-focus-system-map.svg,corrected native SVG,"Task, cues, shifts, practice and review synthesized after teaching.",flexible-focus,10e9b49a7c17d70df9a02cee7b924b9ed9b0c8999b5600d60d8aa781ce1680f3,2566,True,9b86995ed01533945f54879af91991dad0aefa365ec54fa07aadf84db18d37ee,Supplied SportsWellness_Original_All_Phases_Generation_2026-09-17.zip
3,assets/readings/phase3-figures/phase3-attentional-quadrants.png,assets/figures/phase3-attentional-quadrants.svg,corrected native SVG,Clear two axes and four task-dependent examples.,attention-quadrants; attention-shifts,bad906a6f347b7230ff54d265da0ce57c5f840f469489fbc4a2fd6f299dc61ff,3567,True,b3181005962ef943b31e788563851433d69fbdb3b0fe393d6e99d25ee449db4e,Supplied SportsWellness_Original_All_Phases_Generation_2026-09-17.zip
4,assets/readings/phase4-figures/phase4-mental-cinema.png,assets/figures/phase4-mental-cinema.svg,corrected native SVG,Imagery and nonvisual representations with purpose-based perspective choices.,rehearsal-formats,0358ef2bacae7f29969401e14805b92a66525ffe16baddfc232c7278cb8f1c79,2840,True,7020a50905e26eedfe056c3c6dd19dce724cbbe08716a90f61d7cc695317a56e,Supplied SportsWellness_Original_All_Phases_Generation_2026-09-17.zip
4,assets/readings/phase4-figures/phase4-chapter-map.png,assets/figures/phase4-chapter-map.svg,corrected native SVG,"Evidence, routine, rehearsal and review without certainty or predetermined outcomes.",combine-toolkit,47d418296a74326e0e64cd8189782db1270a60cfb786e3cb08c5bac98a063d80,2858,True,c34074a6ee95f1c429f1de7fcb6d39891e37d33d823a4986f0bde6043a41690d,Supplied SportsWellness_Original_All_Phases_Generation_2026-09-17.zip
4,assets/readings/phase4-figures/phase4-confidence-account.png,assets/figures/phase4-confidence-account.svg,corrected native SVG,Explicit metaphor; keep useful corrective feedback; no measured bank balance.,useful-evidence,694bbf8f8d3a8f9c061966f2182589217d5b76949ed21f55bca129d33686714c,2558,True,28d1f9461c1a1a54d05452064aa390c82ff75cbdae1f14e18f1644003d131ce6,Supplied SportsWellness_Original_All_Phases_Generation_2026-09-17.zip
4,assets/readings/phase4-figures/phase4-flat-tire-drill.png,assets/figures/phase4-flat-tire-drill.svg,corrected native SVG,"Likely disruption, fitting response and a fallback; no perfect-performance promise.",disruption-rehearsal,7a514af0c5e32537083fbc0d0cb6f394931b976cb0dca31f1d207dbb8b113d43,2975,True,5b571e3b9ad840478e6e6763f930bcce778a9707490c2475339548a0edc1b21b,Supplied SportsWellness_Original_All_Phases_Generation_2026-09-17.zip
4,assets/readings/phase4-figures/phase4-cba-routine.png,assets/figures/phase4-cba-routine.svg,corrected native SVG,"Remove VO2, heart-rate and watt figures; readable qualified C-B-A steps.",cba-routine,a4e26d1f2cdb50527897bb360251e8c3798ab44e9cc07af66bf69019c7904fc5,2748,True,ec494653e5dd5542c048482d57d453e28a4bbc61dab6454e5fee7a220fb9205f,Supplied SportsWellness_Original_All_Phases_Generation_2026-09-17.zip
