published_outcome_group,preview_locations,available_evidence,remaining_requirement_or_limit,credit_status,source
REC1050 1.1–1.4,phase2 start; all phase purpose and task cases,Conceptual reading and written application,Personal examples and complete course context require teacher review; Phase 1 contains activation foundation.,not certified,"Alberta Education Recreation CTS REC1050 published program, rec.pdf"
REC1050 1.5–1.7,phase2 effort-direction; motivation-reasons; psychological-needs; situation-plan,"Reasons, direction/intensity and practical barriers",Written hypothetical application is not a personal assessment.,not certified,"Alberta Education Recreation CTS REC1050 published program, rec.pdf"
REC1050 1.8–1.9,phase2 usable-goals; p2-goals; p2-week-plan; phase4 task-confidence,Goal distinctions and evidence-based planning,Source teaching uses SMART Relevant/Time-bound; official wording includes Realistic/Timely. Terminology variation recorded; no literal alignment claim.,not certified,"Alberta Education Recreation CTS REC1050 published program, rec.pdf"
REC1050 1.10–1.12,all phases fictional case option and Build plans,Safe planning evidence,"Personal mental-fitness/motivation assessment and personal goals need separately agreed, privacy-respecting teacher evidence.",not certified,"Alberta Education Recreation CTS REC1050 published program, rec.pdf"
REC1050 2,primarily Phase 1; phase2 recovery support; phase4 C-B-A,Supportive connections only,Three previews do not cover or certify the complete activation/relaxation demonstrations.,not certified,"Alberta Education Recreation CTS REC1050 published program, rec.pdf"
REC1050 3,"phase3 Learn, three cases and My Focus Plan","Attention distinctions, shifting, routines and justified adaptation",Actual demonstration and assessment quality remain teacher responsibilities.,not certified,"Alberta Education Recreation CTS REC1050 published program, rec.pdf"
REC1050 4,"phase3 cues; phase4 evidence, C-B-A, rehearsal formats and coping rehearsal",Explained self-talk and rehearsal plans,Do not equate written nonvisual alternatives automatically with all specified imagery demonstrations. Agree appropriate assessed evidence.,not certified,"Alberta Education Recreation CTS REC1050 published program, rec.pdf"
REC1050 5,all saved explanations and revised plans,"Communication, problem solving and planning evidence",Teamwork and other competencies not directly observed in a solo browser preview.,not certified,"Alberta Education Recreation CTS REC1050 published program, rec.pdf"
REC1050 6,deferred introduction/final and teacher pathway work,Not established by this milestone,Pathway/transition outcomes require separate teaching and evidence.,not certified,"Alberta Education Recreation CTS REC1050 published program, rec.pdf"
