path,size_bytes,sha256
BUILD_HANDOFF.md,13403,da6b63f160564c4a33bc6073b3800b20d7a8ed34e9a7d8b1fb03c7d544e719dc
OPEN_PHASES.html,1387,7881ebb28b244210ff29ebfc083b33a06c0596e004157d1fb76acc904a563c58
README.md,1141,7aac037daf74b8f25872d93b406a630ae188604a3047c7f13db8e060c13537dd
STATUS.json,1507,461c75d188ed8243b47a0ddb89d401d794d9fb63a5030ab98860aa496a276590
developer/GENERATION_SPECIFICATION.md,47609,73d813d0eea901036601dd029b517ef17cca357c9763d4e47f8b6a293d1ceb8c
developer/INTAKE.md,2210,24f3ab1a868ee573555e935fd6a5b6b67ff933fbbd368078ac07b9bb5d7ca6a4
developer/contracts/acceptance-checklist.csv,1126,22fddf27ff88440decca98fab63b36e622e754635c32d3fd1b8f760472450e55
developer/contracts/assignment-controls.json,36550,328e9bfde4b5db347b1bca1f66f7c1cac17bf6f0bd49bd9ebbe34ee2940cbc39
developer/contracts/assignment-field-map.csv,47339,e31e31a85ef16282fb186acffce489e245b68af4bb5e77042236c6d11d34c511
developer/contracts/checkpoint-source-bank.json,50101,961cd7ac681a89bb968cf2af046c236b36197022858f2f4d1be3916afe1d7273
developer/contracts/curriculum-evidence-map.csv,2824,196bad72186ccdc034eb88de8b8580d36989aa26493a5ec5138785bc8f27e0d3
developer/contracts/media-manifest.csv,7129,bd61e3ff53750f23fb722312bf61bf11ca560fdf2b8bcf4468d70f5ccf0704f0
developer/contracts/original-objects.json,143050,fd97c0b863a579a5d2d74b64c4543228b4a5e8bfafac29e301232b4ec0350a65
developer/contracts/phase2-original-written-review-map.csv,5492,bb34159f79b0ad10442555c5364c1dffbea9879dcbf79176f717005510244515
developer/contracts/question-provenance.csv,86730,13f68b9d38915b8b4ab76f1732c17e4dd0e54d65a740b28423d2650c5e993f36
developer/contracts/reading-workload.csv,3990,942fe5696de8930b0eb05af5b724fa1a6914dba990dee17ccc408e983081858f
developer/contracts/source-to-lesson-map.csv,14072,f30dc17d82c741a7f4b496b5cd45013a8a8d7ae0095a94cd56e6e4b3934ba151
developer/contracts/video-review.csv,13026,4e4ca9740e08fccb318a30ed397d5206aa5639f323204e362bda005cd0df79fd
developer/contracts/visual-contract.json,1077,4806fb78cd286c8ecfe819de2160cdf3c7ce620a72f7732ad380976b58857176
developer/reference/AUDIT.md,27692,80087d6e928191d9e41bd97be2c2935d45ca866f4a00a506b145017d62b195b0
developer/reference/MEDIA_AUDIT.md,4062,5f4b9c3a7c16babf8053e93f1b2dd58b7c47b0725adc25ace289ad2f0bcb7219
developer/reference/VIDEO_AUDIT.md,5491,b9d29fa795241d6005e75361e115753e23e9333f79100993f3f9a5306b4c38b6
developer/reference/VIDEO_CATALOG_SOURCE.json,4463,5d40fc6f2bf3c011c67ebb7b806ffac96b1c163a4750cbd9499d8e5ced21936c
developer/reference/original-course/assignment-runtime-main.js,309807,33b9662a3a1b07b646588c53f890a29b1c9872f08a726c495ade639aba62d252
developer/reference/original-course/assignment-runtime.html,171387,d22ff7a324bd04e029898826e08d0a0a435df9afe7ed0b81143e5648009eb388
developer/reference/original-course/index.html,6028,50a7e8cea5a3c26f2748b2baf1b87b0e0dc4286d8b721c22974ce022667cddb0
developer/reference/original-course/main.js,226045,f6b2be4cf5cf4713f97e59d28c84c35e1cc12a74e4f042dcdf4f51ab2a51cd77
developer/reference/original-course/styles.css,98135,b372edddf3ae15b09e20aef700648debda5196df641f68e8f5663d9d6c83c2d4
developer/reference/original-readings/phase2-drive-content.pdf,948348,cec5875e55152664845077306735cc88cd4a35a31059197558284e34d3c3a883
developer/reference/original-readings/phase2-drive-content.txt,36047,dbfb8c09c2cb3296dc882eeb3af3f8058f4cd065a0b8962614c92ec6e6b8c1f2
developer/reference/original-readings/phase3-focus-content.pdf,603080,3c696fff82b1f4ffd2ca21fa967b54fcbde1fab728bab7e09c302cea0cbea41f
developer/reference/original-readings/phase3-focus-content.txt,23416,9a8e7771d5df2e66bb1dfa3db4829f9e74dc08bcae0f03848001d48a23d84d00
developer/reference/original-slides/02-drive.pdf,4380199,23cf1e6bb633eae6b9f542f83add06d1a56cac4f5d5328c517465d6e7f8cd53a
developer/reference/original-slides/03-focus.pdf,2740808,7bd46aaa443a2b7e061f82cc11b6f8aa66ff1ef80c6f4fda2cca31d83c380e5e
developer/reference/original-slides/04-toolkit.pdf,5748091,3ddf6173c4d527501ad84989b171fcec31543760a9d7a9bd9e78114aa7f86d30
developer/reference/phase1-uploaded/.DS_Store,8196,4c0ee2b48fb12791ffb122d24c8e6da6ba37f4ab0aa70f0ccbab1658676a2aae
developer/reference/phase1-uploaded/assets/.DS_Store,8196,ec64f1bacb1c4940453fdac39eb2e9245b394589793103277bee74a866a9563a
developer/reference/phase1-uploaded/assets/game/original/performance-game-scale.js,2162,0f296e9351353101127fb52b2167e0536dde617765d52c489e850f1e445da6c8
developer/reference/phase1-uploaded/assets/game/original/performance-game-theme.css,6047,7d73d34e59abbd3b53a2c139a607e5f5fc79c4cf481bdbe017a1fd21aa0e23cb
developer/reference/phase1-uploaded/assets/game/original/performance-game-utilities.css,16790,96f8fe3710979c3d1475ba7653f50f960713627ab21b40407987dd17202ca05a
developer/reference/phase1-uploaded/assets/game/original/phase1-game-entry.js,97,4430780347e2a5846212f71b4296d37f6c0987e0f12453a53bc07ed1857a3c21
developer/reference/phase1-uploaded/assets/game/original/phase1-game-runtime.html,751,601edb9b5ce0486318caf15d27ed647e38ef32de585a8177413e539a481ab6dd
developer/reference/phase1-uploaded/assets/game/original/phase1-game.bundle.js,1175158,f8c233742923041e0287f6bdab5cc0c6b3ada4b7e6bb96ceedfb09d69869f1c9
developer/reference/phase1-uploaded/assets/game/original/phase1-performance-state-simulator-game.app.js,35833,6dfa6b21863b9f8abaa1b74b52806b3e084e700cb2319fe2ff6d3eef0a2e3aaf
developer/reference/phase1-uploaded/assets/game/original/phase1-performance-state-simulator-game.html,1269,3cd3582b8ba33768cae2c5e65a63b78d3521994aaae0a47d3246361b4d16e525
developer/reference/phase1-uploaded/assets/game/original/react-shim.js,159,cc4bbe544f8d0119493fb3d8e23f2edae460758a6621a819a910b65e8d7f6471
developer/reference/phase1-uploaded/assets/game/original/tailwind-input.css,59,cc1a7ad0d019ddb1d32d0ecb588ba0ac26ce41d8625dd6c366348b25f83a28ec
developer/reference/phase1-uploaded/assets/phase1/arousal-continuum.svg,1599,35a1156f189536c3a2a6e4e1cefaed3c67960ea13c17b731896ead805c076cac
developer/reference/phase1-uploaded/assets/phase1/attention-field.svg,2799,95c8648cdefdd5c0e2321c18fcd52e77b7d0c39cb65c2c46af94ac9ed4a12d6e
developer/reference/phase1-uploaded/assets/phase1/attention-field.webp,150466,aa5f0feae856ae2da6b6f8fdf5f2064dda74f61ca46e3df4717aefa5616861e4
developer/reference/phase1-uploaded/assets/phase1/body-signals.webp,107902,8804e9644bd7d937d8c12c2fa066f59fad573d136d3f7427aa171486d0ac8c4b
developer/reference/phase1-uploaded/assets/phase1/goal-control.svg,1712,cabf0222c727680eb5e4e0e5b64d2f3cf1416b35e92275cfe71ab792899c2d94
developer/reference/phase1-uploaded/assets/phase1/ideal-performance-state-map.webp,74168,70a914d82367b94ebb96ce1f5557b268130e0e6182898a94af83a537646d6e31
developer/reference/phase1-uploaded/assets/phase1/model-comparison.webp,98800,e55a79a9a5fd41549a203859c99995a61d99a30b49fbf9b556d99c87fb65e671
developer/reference/phase1-uploaded/assets/phase1/performance-state-map.svg,2049,a3d813abe6b0aaf9b79b305018e768cd8ed8e8db64c1cbc217a0f7902e7752b9
developer/reference/phase1-uploaded/assets/phase1/regulation-toolkit.svg,2008,9deb87a43ec3d315f54d62ca46c70d96986901ee85310a5d305ff226cd1ebb6c
developer/reference/phase1-uploaded/assets/phase1/same-pressure.webp,100880,5bf8d443f5fae0ba40600b69327709330b4078de2aabaccce4e6fcf83b327b5c
developer/reference/phase1-uploaded/assets/phase1/stress-process.svg,2021,0433c178c2e5a3de3cbd59ccf4fa414335ab7bfa54673e0361bfe3dac6fd93e8
developer/reference/phase1-uploaded/assets/readings/phase1-engine-content.pdf,1345138,7cdb787a4cf1e7e723ccb04b84005feee4743e95b5cfa614d96da5f3b7f04a3b
developer/reference/phase1-uploaded/assets/school/next-step-logo.png,53313,9ed7b47ad131ec598ae77fdb4650c95658dcab6fa1db6e6630c2fe7809b25ec8
developer/reference/phase1-uploaded/assets/slides/01-engine.pdf,1723085,8195675cf4b3991abd5afe82938aada10a465105b122733af837729f5a679c18
developer/reference/phase1-uploaded/index.html,274776,2a580bcf155c931a98a262168a047e0f768a3b581282db6ea1270bc2f401598f
developer/reference/phase1-uploaded/main.js,46026,1a6abdc31577748e7a9c7d4b2a936e53962822eb87a8cc053429d8b9b413c908
developer/reference/phase1-uploaded/phase1-preview.js,20856,6ce08b248362ca3bdff9d66d7b50a90f3ef94abaca0c2b43b9e72696fc26d5f7
developer/reference/phase1-uploaded/styles.css,105018,b5f0822a0ec80c4d854ba8e7a97bc5234d283813ffb78a5fa9e35aba8d0c63ea
developer/tests/RESULT_SUMMARY.json,548,323a538c3352979ce85d4681b1354e66538a8a2aa02f38336f8bdc0b8e6643d3
developer/tests/all-interaction-results.csv,9025,89b18063c1331f18347b71b824a4c1994c132e54afaa78e262fb3b55c8ef0fda
developer/tests/all-route-results.csv,12167,e3d8d6bac37d0fb66613cf71bbc6c9b71fe7b81d9ecc0731b7ff199a437b1963
developer/tests/component-wrapper-comparison.csv,11881,4c5dadd5a3ef6387eb1e31b5f860a91551b91b673c96b9f5d429dcb10a64fa04
developer/tests/embedded-games/README.md,539,51f13e7c3f4179993f63a38699375c5fe80e328eb1c740b601ca1c51456062ec
developer/tests/embedded-games/capture-record.csv,692,1170ecb12d2a08e76787a060de71ab0a1a6ffe65503676804712a091d3c9262d
developer/tests/embedded-games/p2-1117-intro.png,78990,d5420a9fd0a274a29f630ebc58e907a71eb4fe50e0095de5294ea57f78e5f672
developer/tests/embedded-games/p2-1117-playing.png,88465,e18141a9aea39305ef226b5668f56c5707b2bb02fa532f53658a9da82f0e1051
developer/tests/embedded-games/p2-390-intro.png,57195,79d333b7ae24b9510a3cdf89d11f5875da7fa78ea5df1e5f201acc0d04b35c99
developer/tests/embedded-games/p2-390-playing.png,60177,b1e6d7ba0309ad9510193ed672952c90b7ac710cc7bcc5335f4c90e00397e670
developer/tests/embedded-games/p3-1117-intro.png,78894,b8bedab85cbaa3ffa3ab848630e6fe18ba349ee2727c625d70b1581cc9b9031b
developer/tests/embedded-games/p3-1117-playing.png,71791,533ac13ed230bf6a0dae659b39b48c807836917349d39229fb663b9f9ce8a8fa
developer/tests/embedded-games/p3-390-intro.png,49518,951ff52db2534199e00563365ebc5fdecbd5e8b9b024d0e24020323e0e55e72f
developer/tests/embedded-games/p3-390-playing.png,53316,f625d2f80edafd2ae58ad51c410519d6f60151d7e0b62e5d19812526cc80935b
developer/tests/embedded-games/p4-1117-intro.png,83371,2dabab088ede4bac8051b316412bec3b78f8fd6c7e68b8b794be7518d6afeef6
developer/tests/embedded-games/p4-1117-playing.png,56710,164dc9e14f80e2b3379e0af6a4227909af0665226d4092901c095473a8482ab0
developer/tests/embedded-games/p4-390-intro.png,50048,4b4c3903ceb8f7ecad73d97dc6d48c10cdf93d5be573e850c27ca8ed13d3f8f3
developer/tests/embedded-games/p4-390-playing.png,36893,6cc8dedb42cd682412e0dad6913bfef4443628b95a21840cd514685debadf0f5
developer/tests/export-version-and-corruption-tests.csv,998,89c2c9516239a56de5d025d00a60ec3661d20bcf84e169059e82aef851e79684
developer/tests/final-static-checks.csv,611,1f89a8c01b54782e117d21a234abe70087c9d4639e69ac221bb5577bb1b34d9b
developer/tests/game-clock-regression.csv,238,49d13bbd1b972073096efb5a348eb0317b4e5ae8eb16f8a08089deb2bbdf6c59
developer/tests/p2-breakpoint-1023.png,95480,f93bb838ff6d61b489a8a4cc62be0bf3a1669b84f1c4dff5d539ef73d2e45716
developer/tests/p2-breakpoint-1024.png,130471,aca0cdc14ce4ba51ac1aeaaad29f8e8e0d9ff5257b451f13fff0e0db73101885
developer/tests/p2-breakpoint-768.png,108355,941e07e48be17e2499ea5f38803c3bf42067071612ccaabf4a162a6a8ab35e61
developer/tests/pdf-and-figures/phase2-figures-contact.jpg,200306,40c428327df92c40d8f81fdd9c878da2050e6d1fcc781f6690cd280d5ee5a35f
developer/tests/pdf-and-figures/phase2-growth-equation.png,53466,5f2c3a91128b619cdc3ae6c48698441c92ca2f8cd5bfbdcfaf583e443b26180f
developer/tests/pdf-and-figures/phase2-integrated-discipline-system.png,64921,b731a7c3d8cabfe9cf49efb91ff565f2d978094a4b18f3bfd0786e9a51b41282
developer/tests/pdf-and-figures/phase2-motivation-continuum.png,73419,89aea45195ada40d55ee2127da765b756d5dd5b500b353f7076a361f66e68eec
developer/tests/pdf-and-figures/phase2-pdf-metrics.json,94,99e0a703c290c503bdffb8f1c98dc1db9b355df92044e551765fafb944881ad5
developer/tests/pdf-and-figures/phase2-person-situation.png,63364,ee2f46fa134d8b8844cd6f136ef31b90a25bb8e519bea882e100184b92872369
developer/tests/pdf-and-figures/phase2-psychological-needs.png,68955,0f07d6575fb5610ef5a2fbd152ab89c5313c9b118ae5950cbd14264d3006854f
developer/tests/pdf-and-figures/phase2-reading-pages-1-16.jpg,360651,aceacf7f563f1f8c04c08678884b90b19a5dc49c754d6c4a8ea753a08cea38fa
developer/tests/pdf-and-figures/phase2-reading-pages-17-32.jpg,329607,49ae5d2b568a62a49325ec5b8dcf774760e42685652b1f6b6f91cff72c627264
developer/tests/pdf-and-figures/phase2-reading-pages-33-48.jpg,287171,e8fb011df4df6f243529f4af2d484b2a2628eb29e79427b012d9507ff4cdedbe
developer/tests/pdf-and-figures/phase2-reading-pages-49-51.jpg,65380,1894e4e1edd0ab46e738b1e0955d620e4076e9e1a6fd2cb5501233220511758c
developer/tests/pdf-and-figures/phase2-recovery-continuum.png,73800,aaeb52d7d32a3592314578ddaac68d9daa939d21ea678fa2f351899579b88504
developer/tests/pdf-and-figures/phase2-sample-page-6.png,127740,790533b7aca8b925c1375cf15501f227bb21ff68923a13b1a4d02ec99c34253d
developer/tests/pdf-and-figures/phase3-attentional-quadrants.png,76768,24ec33717d667c1c90c75526b18a283f97ef732ca1e371f55ea49e8a8ac8b908
developer/tests/pdf-and-figures/phase3-figures-contact.jpg,173192,3db152fd5127def276c3c7e42bbd03842f2026c8f36dfe4640527b1f4644b9a4
developer/tests/pdf-and-figures/phase3-focus-system-map.png,54609,2ebf611085f81bb540b51d0a1acc556f82d508aca4706a1bd8da1e28a872decc
developer/tests/pdf-and-figures/phase3-inner-game-equation.png,61431,bf8babcfb165be5008e955cd94ec90bb963cbd5011046e7db9e9307b4ab244ff
developer/tests/pdf-and-figures/phase3-pdf-metrics.json,94,f845bb74e46b8d48748ac94635cb3630383d7aacd9f33d6d6daaf632d4a158cd
developer/tests/pdf-and-figures/phase3-precompetition-blueprint.png,56974,f2d84f623b9eb24710af2d2939842f9ea02a264ffd4ac12be5ef062a81b4c2e2
developer/tests/pdf-and-figures/phase3-reading-pages-1-16.jpg,354615,e3532c2812c1001214da35d884b8a4b332e217abaefb86e9fb0d6c168512d54b
developer/tests/pdf-and-figures/phase3-reading-pages-17-32.jpg,336128,aea7d606fded3caa1b010a90bcbd04402f608bde1070ce1fee01cd05216cace9
developer/tests/pdf-and-figures/phase3-reading-pages-33-48.jpg,268726,9e6607196b8a9522e9b80d298892a21dc51d208a85f8c0698d55693884bc235e
developer/tests/pdf-and-figures/phase3-reading-pages-49-50.jpg,41583,066555be29759cd83b56257ed2ed2ce8721021fef2f10215eec10cb65408b6ab
developer/tests/pdf-and-figures/phase3-reset-sequence.png,48133,47155f4f593e2a94707c22763a8b66e1b432143561c88f2759b623f1d36e8f57
developer/tests/pdf-and-figures/phase3-sample-page-6.png,122220,6e453cea974fd03f23cba95c6f82862cbfec1386fd42c82ecaed6821f1acc627
developer/tests/pdf-and-figures/phase4-cba-routine.png,62119,e8fbedb68ad039f8cac9e2aa0ce72e2f81951a3feeea96aaa580f9a00e30957c
developer/tests/pdf-and-figures/phase4-chapter-map.png,64451,ac8f40a489459ccba0bf23bf2ed1fd23601a86dc82f25eb514b71801f9028b46
developer/tests/pdf-and-figures/phase4-confidence-account.png,61252,9f138ba92c2e027847cd9a6a325dd0ad4ceac9291df7eb2bbd4cea6b190d1c03
developer/tests/pdf-and-figures/phase4-figures-contact.jpg,176673,c646345f3f1c19d62b8b5716c6fa54fe63e87888f292b5aeb835cde1f8823532
developer/tests/pdf-and-figures/phase4-flat-tire-drill.png,61299,df1e3b1560209c7a881edae8af51ab5f8fa8d13a3c6ab5930438ad4c9e94a076
developer/tests/pdf-and-figures/phase4-mental-cinema.png,68476,9b9f4018df217cff7c7be10b3ef022118d1276260598de74d85db03b9dedb90f
developer/tests/pdf-and-figures/phase4-pdf-metrics.json,94,bc20728d00f8499dfab2606d1ad862396cf82f11c3f4256dee4e59a680076457
developer/tests/pdf-and-figures/phase4-reading-pages-1-16.jpg,373818,3750304a42690018bd9fa35181bc38ad1331df1105805e0a1ebb284899446cae
developer/tests/pdf-and-figures/phase4-reading-pages-17-32.jpg,324794,231c125b3164456cd5667fd4800b05b43c015ef77546ba56c333e903580a8f25
developer/tests/pdf-and-figures/phase4-reading-pages-33-48.jpg,277471,147690d9b53bba3c0bbdbc141658645a4a1d66b64f1944b71d748046f90fad14
developer/tests/pdf-and-figures/phase4-reading-pages-49-50.jpg,43832,fe8bbbd3552d3989f913faff5b5adafee87ea822f1ebca3931d4a56f227d2b78
developer/tests/pdf-and-figures/phase4-sample-page-15.png,130670,97f615e2b822c35625242bf0eb28369cd024cdb146db5ff849a4c6817a31da59
developer/tests/phase2-interaction-results.csv,2021,1e4b29f3a31711f1ec864b3a92afc1aebc69afb3cfae4889dc735415446f1387
developer/tests/phase2-route-results.csv,4143,027bf1b656247b6c9adb9b729ce1ef56a2fc2f471b5ce7a70fec7f0e1c8d9f0f
developer/tests/phase3-interaction-results.csv,2021,81faa92186bda076fe5bc4b67ea23280214fb227b26925e21b4490e9528b6886
developer/tests/phase3-route-results.csv,4151,7efa39a5d92cf4ecea4d06a86230d6bc2bc8572b4f29f66e79a632013be351e1
developer/tests/phase4-interaction-results.csv,2021,debd8cffb3a253ef3a89feb6fda7bf0cdff993538538aecc97a00542a9ddbdc4
developer/tests/phase4-route-results.csv,4151,aa7638bff017cfc66283a4786eca2bdd35ac4be9741de53422b3af424298c05b
developer/tests/route-contact-sheets/README.md,389,9779f6f5dfbc5cbb22a0abc6bff64efdf6df2e74dc1b8971b4bc896dd29fa616
developer/tests/route-contact-sheets/p2-1117-activity.jpg,346973,69a0b6a1cebe6c1600e44e013f173a9a03da3cb2ba6c7c72e0d885fa831dcc0f
developer/tests/route-contact-sheets/p2-1117-top.jpg,386047,4c5071b47fd3d0075d0533d307109a4660b8696e59b741b007f98c403c0faa1d
developer/tests/route-contact-sheets/p2-390-activity.jpg,236454,4b921bf917b8a199110d939f4e15847f96d93a579a865a05770d3a315b36a597
developer/tests/route-contact-sheets/p2-390-top.jpg,252244,37a0abd12e3a9945054278a355f04fc7396fec7d26c7ef49337faee9d114395a
developer/tests/route-contact-sheets/p3-1117-activity.jpg,340725,9a528ad1b21b845363bc37609f3ff19ba83ce0a0e34afc5d57edb998ef7448c6
developer/tests/route-contact-sheets/p3-1117-top.jpg,387107,7755e1846b7bb8199e65308ccda7e347c97bc197f45f057b19b28b198039ebe2
developer/tests/route-contact-sheets/p3-390-activity.jpg,230670,c20670cbc50a5d762b0cbd99fda5fc6f49ad111c255fe995f05a2c0d1bf50e71
developer/tests/route-contact-sheets/p3-390-top.jpg,250613,906604c76b62c3e554c970573eedb0f9696a88bc0c7df34e36af72da50fa2b67
developer/tests/route-contact-sheets/p4-1117-activity.jpg,344654,f0be04ed007e4b6870791b3e5cb5ff0725f39924baeaffd5aa0a355f969be329
developer/tests/route-contact-sheets/p4-1117-top.jpg,390640,b550b440575fb3ccaf963bc40a8e715e12eb0ccbbb44f14451d93b6df6c39f0f
developer/tests/route-contact-sheets/p4-390-activity.jpg,228910,ba2071a557c103a3b789ab1f1a2bedd607be126564571c04fd4e1d80429abb5e
developer/tests/route-contact-sheets/p4-390-top.jpg,250854,6a1452d93673093bcbc428862aff06d027445f00e1f32502019edd017106be40
developer/tests/routes/p2-1117-checkpoint-activity.jpg,78796,aade07cc45be8b9da4a3d647313be235455f0bb32f89d84ae642798154c65ecf
developer/tests/routes/p2-1117-checkpoint-bottom.jpg,62175,6401b4c5ab9f9149e5bf008784485108db98a8870aa15a764a04f1c6f55f2f4b
developer/tests/routes/p2-1117-checkpoint-top.jpg,78796,aade07cc45be8b9da4a3d647313be235455f0bb32f89d84ae642798154c65ecf
developer/tests/routes/p2-1117-course-guide-activity.jpg,78152,68380be42372552ed235d78d8d944dc21448f8c72f2ce095cc0043120dd76cc3
developer/tests/routes/p2-1117-course-guide-bottom.jpg,71840,47c101da474f7e6394cb80b41af82a197ee7109371d779440d741fb9641d2bf5
developer/tests/routes/p2-1117-course-guide-top.jpg,73327,c42a9f819aa131dfbc4c036301d3734137e40f9acfb49eba989a4da2cec10415
developer/tests/routes/p2-1117-effort-direction-activity.jpg,74903,ddbae979ee5e01b9b6f032ac630c70a341126b23060f810875296fda720c2cf2
developer/tests/routes/p2-1117-effort-direction-bottom.jpg,57119,ec8a0fcdc00b717516076b6fa0d6ceb9aede184c433668f7448e2577b7d69f85
developer/tests/routes/p2-1117-effort-direction-top.jpg,88327,c73c12ecea772da507b297348c954958d69a49eb71ce76fa878ae9c7522cbacd
developer/tests/routes/p2-1117-effort-recovery-activity.jpg,77024,3a05f6961365ee05bbd229ece75316de32108f6e6da99b0a149999f1d4ad2cc9
developer/tests/routes/p2-1117-effort-recovery-bottom.jpg,59766,e6f2694538ba37b7cf84b8afb33fae2d71ae308d457e4b420f6e9afa65104dc9
developer/tests/routes/p2-1117-effort-recovery-top.jpg,85082,f97d9827a3f054df1e41d54bf77cf2d2b1f4502f378dc82fd02b7fd86f221afc
developer/tests/routes/p2-1117-motivation-reasons-activity.jpg,76389,561171753ff3a5fe5109c1e071118c5719033379ca3afea9d64b197b6cdd58fc
developer/tests/routes/p2-1117-motivation-reasons-bottom.jpg,60121,47bde2ff9d811e298cfc084f496c47deb6742e20e0e26b3f874a97662bce430e
developer/tests/routes/p2-1117-motivation-reasons-top.jpg,89105,568d3d1d6a268398c1a18199dfd4f12e7db3d56af71ef94c2078fbbac6d3e026
developer/tests/routes/p2-1117-performance-game-activity.jpg,101458,2fd8f4a3143ede55d449b1d50d822423bb4eb3546a292c2da22f522480b6032b
developer/tests/routes/p2-1117-performance-game-bottom.jpg,52739,0ecd370ed4d3f2c28968967111fffdef02cb730191ef0398f34a0abace56ff94
developer/tests/routes/p2-1117-performance-game-top.jpg,102951,59c08611ab57b7d5132773097bc2fd8daf3d4f07ef2d2d48808dd078b8439ecc
developer/tests/routes/p2-1117-performance-lab-activity.jpg,73967,b8ae5ce8f61578b6cbf69fafd8f6d92509dc787e6f851d61e3ce6e1b5fc12d3c
developer/tests/routes/p2-1117-performance-lab-bottom.jpg,51251,6180d9b6d053f655f6c4cae66ae9bb840052846ef85d4bf6bc76b9385bf256d3
developer/tests/routes/p2-1117-performance-lab-top.jpg,75131,678b1230e1a0176ab9226958a9531987165473dd162a2e27f0057fc4819194e8
developer/tests/routes/p2-1117-phase-review-activity.jpg,65739,693d40d825a6fd3389c02196afbdc6a0a702b527a24242a8bdfa771eca494b7e
developer/tests/routes/p2-1117-phase-review-bottom.jpg,52720,afe151dccf0ef1e3a9ccf6ce757c77939ad7bbc958f01b4c23e2549d90da77c8
developer/tests/routes/p2-1117-phase-review-top.jpg,69074,8a94b61275662bcddf2cc06e00389e727c65ad801e7c1d1f736ee8e6fd921468
developer/tests/routes/p2-1117-playbook-activity.jpg,64048,8c2c33cd25af8a87c354cbbf0de81d9d62e223d448b91a923051b3bb7a70f7e1
developer/tests/routes/p2-1117-playbook-bottom.jpg,52435,7b75af4f0c30db81ecaf5bc03ec8b6a8c63bad07ccd6ca47dcd2e3897cb56370
developer/tests/routes/p2-1117-playbook-top.jpg,76816,a27c45a12c6d6acc73afb90edd388e731b44ac8dd6e0d7fa4a9cf9669cd78b6c
developer/tests/routes/p2-1117-process-collection-activity.jpg,64934,fd9e92e15ccba2f2cd62e117be806c2acbac605c139d5e5e6d16d9181536a6d9
developer/tests/routes/p2-1117-process-collection-bottom.jpg,73326,79d7ae2a50d09f87dada9414105c63af15b9e7a82da23c0ac1d6cae978b2bc68
developer/tests/routes/p2-1117-process-collection-top.jpg,65556,8d22d4cad2fee640aecf3162e2c2c96d84485aa93691e5d4cfa89a1a2513fc78
developer/tests/routes/p2-1117-psychological-needs-activity.jpg,74325,ffb04c8896c6fbb4dab7f59fdb39c7f66e404b6d819fea46613b925657405e18
developer/tests/routes/p2-1117-psychological-needs-bottom.jpg,58079,e1c37863e148a78c91c62c6ca2a594afa82dfe3946a4c6453e3e2ca152f0cde9
developer/tests/routes/p2-1117-psychological-needs-top.jpg,82929,abab536ba0d74a9bce1f0636d91f4cd696b16ac7923b97a1f4657d9da1f7d4f8
developer/tests/routes/p2-1117-resources-activity.jpg,76161,55abb6632c8fc406abebba50577f18fba235abb477cc8f9a292f394a82760077
developer/tests/routes/p2-1117-resources-bottom.jpg,75114,b783bc76963ee03587a597596fe91d02dc312dedc6cc26a211331d81fe35e43f
developer/tests/routes/p2-1117-resources-top.jpg,76161,55abb6632c8fc406abebba50577f18fba235abb477cc8f9a292f394a82760077
developer/tests/routes/p2-1117-responding-mistakes-activity.jpg,75624,e505cd040d8c7e779bb0127411d7e336a7151a81f52777475c199ae71c41879a
developer/tests/routes/p2-1117-responding-mistakes-bottom.jpg,57784,158eb759bf61d779ead69abc2f22ef2c57ee905e9acbc05e2ecac4fb2cb39c89
developer/tests/routes/p2-1117-responding-mistakes-top.jpg,84707,70c72626abe91f29e4c2b22b995036619b2cc590fd1578941ecc21fad414ac24
developer/tests/routes/p2-1117-situation-plan-activity.jpg,76544,5ea248cc39e68ee0e432fee556fbad6216512e6896631e503f1a671d966d6398
developer/tests/routes/p2-1117-situation-plan-bottom.jpg,58583,b26e05ea1e56faf1564dbe6fd4cbdabe3692677fb46a7512d76420b57530eb52
developer/tests/routes/p2-1117-situation-plan-top.jpg,82130,4d78aafceb97e2aa3ec83f6f4a6f99ed1356aafe6af4b906269d3858604e6bdd
developer/tests/routes/p2-1117-start-activity.jpg,48556,691ef5c831073fcce69c7a7737357876a5d590146141a10099f042dcb9070b93
developer/tests/routes/p2-1117-start-bottom.jpg,49488,1b99c5878f08f1fa9ce09a57ec6ed02541fc509250ff0b706fddead67dc56081
developer/tests/routes/p2-1117-start-top.jpg,71909,63d3ce009ba1fa4b8c682de1cf8ee0838044dabe06b84b860f86024e5b5de1cc
developer/tests/routes/p2-1117-untimed-practice-activity.jpg,76657,2daf30962ebf2943a424e198b4094bf6c6c3ae94991e4373b003240f628ea9f4
developer/tests/routes/p2-1117-untimed-practice-bottom.jpg,49683,4256b3685870b4a996d9a3212845a4894337b15c2935f6d50e35dba748883329
developer/tests/routes/p2-1117-untimed-practice-top.jpg,83491,1280b36c4e0c00ede3d70a9721245a5a6de0a7424fb810c322d51daf74881345
developer/tests/routes/p2-1117-usable-goals-activity.jpg,76820,d43a304b13cb3a9ba521a43c88693a565736b50f87565a6d0c73ce0fc19105ae
developer/tests/routes/p2-1117-usable-goals-bottom.jpg,59368,86fbdedd20312103df0e6b1b32de67e8f18e049aa55087df250d6297a9e79be9
developer/tests/routes/p2-1117-usable-goals-top.jpg,83990,a9857dbdb8be3f604d84d0350bbccb7f1ef19df3e51cc4455784239860275ead
developer/tests/routes/p2-1117-values-action-activity.jpg,78205,e76c375aa711f2550e4ae20c83ebaac5da72bb7f175d548ee159c3566d190f61
developer/tests/routes/p2-1117-values-action-bottom.jpg,59425,3dd70e2c0025e7eb2e0b188c1bc5ff8e4bf4337f1564e56dadb38e55a8515a22
developer/tests/routes/p2-1117-values-action-top.jpg,87409,2be59931fd6b9b33ae68b1cbd62832881cad5eb3be502e94ec6e8aa37d7012cd
developer/tests/routes/p2-390-checkpoint-activity.jpg,40858,12a1dc1aa4ea3204a0549491c58b07c8428e2246c73e856b1fefe67ec5384411
developer/tests/routes/p2-390-checkpoint-bottom.jpg,26435,3db310cb52f67e0d7ffbd109a8e5b8a163ff8b31c474747ba1af74649a8f8101
developer/tests/routes/p2-390-checkpoint-top.jpg,41219,8dd8360c6666499e2c9bf6e9967bb868ea0e8715dee0ffc3ac9a6b690605ea49
developer/tests/routes/p2-390-course-guide-activity.jpg,39879,0695cdf072bbc862d15e341729f4383c069fea22658d9fda20d7902bcc10c029
developer/tests/routes/p2-390-course-guide-bottom.jpg,33657,63a7083c2e6aff3586156cbd7e514d105044648bf9d06ce1b736c072bbf571f4
developer/tests/routes/p2-390-course-guide-top.jpg,37346,3e980074eda41b2ad002cadf012826b7b7edc27d1e2b87f7a71e4d024819525c
developer/tests/routes/p2-390-effort-direction-activity.jpg,35498,29f1c0eaaf6b6f1b7c53a2ec2e083a5dd20bae59921398451bdce23aa872d660
developer/tests/routes/p2-390-effort-direction-bottom.jpg,22633,a2bdd3a94f7686f6059675fa3af59245f1ed6182c83523b225ee73858472eeee
developer/tests/routes/p2-390-effort-direction-top.jpg,35976,d2db17ba7949a6f34a58dec8f1a4c88ca548b6484c5880758428599ccd6d42db
developer/tests/routes/p2-390-effort-recovery-activity.jpg,33323,f9d2af34663013093abcb9a6c6e7c6e69496ab0b091b9b623f52ce6d21d3c757
developer/tests/routes/p2-390-effort-recovery-bottom.jpg,23078,7b0c9d400bfcf42bc5c3f00679a234205372b172c7e78975f5f9ec9ac6b4e8e7
developer/tests/routes/p2-390-effort-recovery-top.jpg,34647,d86d0660e8f4fae6a23eeac0d31c5cf886af9d5d7feff61b273c730b30f18e03
developer/tests/routes/p2-390-motivation-reasons-activity.jpg,36089,ee5e3a825afa336c9067e8ea098321bcf50f9fe628dbcf170590dbd1b3a0862f
developer/tests/routes/p2-390-motivation-reasons-bottom.jpg,22887,7d1a295667eac03868b0ec7a729fd50f5193333ac81f0424abcb669d359b470e
developer/tests/routes/p2-390-motivation-reasons-top.jpg,36231,118e137f48e80af3be6b93acf1a403c324127ce25630dd1a727daa3954d3f981
developer/tests/routes/p2-390-performance-game-activity.jpg,58426,d86d50b841b62eae5d4ffbf9621573706ca23da13128b3f436fe6e159fc39610
developer/tests/routes/p2-390-performance-game-bottom.jpg,24118,8206a8b34f8710ece33bd0a4aef0951eebd1c2586c1de90933866bd4ed0ad3cf
developer/tests/routes/p2-390-performance-game-top.jpg,55565,a6c9fc5ec3d9fb043f29d357bc86cee1a9678540038b0b3f7d8aaa7514b85bba
developer/tests/routes/p2-390-performance-lab-activity.jpg,37232,6b980d3e1ee4c61bfb332d50cc700f29b8ae44af7a79cbad60423210176ee4b4
developer/tests/routes/p2-390-performance-lab-bottom.jpg,22970,f79ac632d149c5638fed15fab5824f8fbd87c75827e208f98732d57f5a33f186
developer/tests/routes/p2-390-performance-lab-top.jpg,33908,3833369f1238758274ef7e9088f1ae644b76dfa52f87436df813389a461d550b
developer/tests/routes/p2-390-phase-review-activity.jpg,34692,c89d4026aa3d67ce25bab7f59e5d198f045653b0216f8430eae0123fc87a9ac4
developer/tests/routes/p2-390-phase-review-bottom.jpg,23425,ce8cc37f54d5b2e2648852183a5942343f4215dabde9edd5da7b46c6cb90cbe2
developer/tests/routes/p2-390-phase-review-top.jpg,32147,35e47fdac655b02630047ea8bb2a25354b1b3cc17319e08d58a5d28021970518
developer/tests/routes/p2-390-playbook-activity.jpg,31436,3c3bc7478e4f88c07aaf46121538258ebb0d0cc70fe47df9416ac85273d00467
developer/tests/routes/p2-390-playbook-bottom.jpg,21740,25e6dad73e09642937df885681e2a552e8ffdd57a63785f916295f46006ac9a5
developer/tests/routes/p2-390-playbook-top.jpg,35180,65db8cef0f3f6ca17328ae4fbd8e28f4bbd808230dbf101306dbce528fbf05a7
developer/tests/routes/p2-390-process-collection-activity.jpg,30832,2c70d374b313b343cd12fba54287950c2b07efb2ef025d2b5e88ee9587e892da
developer/tests/routes/p2-390-process-collection-bottom.jpg,40759,2912283176e6f7b9f594a12d61bf2caf83819b4848dafa4eb93f3be60644beb2
developer/tests/routes/p2-390-process-collection-top.jpg,32903,a5193f9ceaf342ef4f5212c81ee59aaabbc40ae95e8d21ecd9aa7e906ad9965b
developer/tests/routes/p2-390-psychological-needs-activity.jpg,36904,9eee231b55d45139000edf5c76aa84a9395ae6d46a159b3e821f88d472d2c98f
developer/tests/routes/p2-390-psychological-needs-bottom.jpg,22774,9828b094d2bf8653410237d995c186f2c4e0e554150db9deddab45dce0892020
developer/tests/routes/p2-390-psychological-needs-top.jpg,34970,7622656fc7506ab71a4d68c4cddc5efe13e43645cc2e8d0bbc1ef0a16cae619c
developer/tests/routes/p2-390-resources-activity.jpg,38383,7b38cb6feb475b85bba5775ac34b1b37a6944d5eabf1b05f9a292f98d048751c
developer/tests/routes/p2-390-resources-bottom.jpg,37948,d5a976b7193c9e2f6f3491e13fb4f0f93d1aa49a6a9aa896cf819488a45eaf53
developer/tests/routes/p2-390-resources-top.jpg,38373,6684af15f5439fdfc10d6dec9acf2a6c638c28e7907623f83d8e51efddb3a84f
developer/tests/routes/p2-390-responding-mistakes-activity.jpg,34561,5102e0c48718cd452e4f145053b48d2db28b1ac1b1aaa65cfd1089c8d4938c7b
developer/tests/routes/p2-390-responding-mistakes-bottom.jpg,22229,c0643aa739589677f9abc753e135218cbe2fba60a26803b70614b7d9f63c9398
developer/tests/routes/p2-390-responding-mistakes-top.jpg,32605,0ab4f2464146a2cb387d2964d0d7ab298fb74ac8c5401d55d11fd0801846d53a
developer/tests/routes/p2-390-situation-plan-activity.jpg,34735,bb84d52724d5c4754928f1284ec8ff53163e423b79edbd40a05078a40737fd47
developer/tests/routes/p2-390-situation-plan-bottom.jpg,23476,682eafab2cfe2431b759ed82bf30042162a3a12a8bb6755f3ad60a8c12debe9b
developer/tests/routes/p2-390-situation-plan-top.jpg,33185,b87bd5bf8281fbdf4ff76567184cddd49ddd57f3853ac07c654cec033dae29c6
developer/tests/routes/p2-390-start-activity.jpg,25095,9d0fd4498544b12282bd8927caf43ab2cbec167c1614aab852a50ee1efba714c
developer/tests/routes/p2-390-start-bottom.jpg,24425,d01cd878dee03c686549360519c62dc7bcf432440b143375247339390cbcbfdf
developer/tests/routes/p2-390-start-top.jpg,34729,768f423bf2669ae837def9253caaebae286682bb245ba3b10555c37e4849bb64
developer/tests/routes/p2-390-untimed-practice-activity.jpg,35405,152f9645c0056cdc5acd847e8e871d0dd13b30f892e2cfb87d62205b5e4f9c60
developer/tests/routes/p2-390-untimed-practice-bottom.jpg,23208,291dcc3cc3fa17275a4547ff25c70c775a5fe2c7e5c8e22d18970e1269100e00
developer/tests/routes/p2-390-untimed-practice-top.jpg,43063,d123f507e1ce47d8a92b88707ab5d7ed1ef967ca069e4ccc860f46f066d60732
developer/tests/routes/p2-390-usable-goals-activity.jpg,33430,103b8febbad2e9bd1c8a3a2911ba81d2d8ecbba226457b914f654a119720a0bf
developer/tests/routes/p2-390-usable-goals-bottom.jpg,23199,9481880ac799da896ae7a362d3229cf873005998e0e5213ebd5c63b98eb1a4b9
developer/tests/routes/p2-390-usable-goals-top.jpg,35598,b333e9dce16bfea54338553a4b19c0da939dbe1db1c33d5529c4f2ed2ccb9673
developer/tests/routes/p2-390-values-action-activity.jpg,35420,55cc1f5bd4b5df5fb5085dd900591c1d36be2b05b06c5a27dd5d673f7cce6810
developer/tests/routes/p2-390-values-action-bottom.jpg,23477,048a3c932a1f4b73ef58b221f87ed9fc2c11115e176a2b54b810716aac27b690
developer/tests/routes/p2-390-values-action-top.jpg,36205,ddc971d49da837ac9a95e10d2a5f651f45493663dcb92fae0b133782eb55bca9
developer/tests/routes/p3-1117-attention-processes-activity.jpg,73766,80863b16595e35ba3d93bba39c1a5e91ec6ea681ef082133e9a1bd29fa91ef87
developer/tests/routes/p3-1117-attention-processes-bottom.jpg,57863,37affe1473f89933243307827adc1d0c73fb93acf59687c82ec746ffd084ae69
developer/tests/routes/p3-1117-attention-processes-top.jpg,92579,ae12d05a5e7de65f00b4d2b46c249661ab4311ae124b0cffaaa98db1bb91b7d4
developer/tests/routes/p3-1117-attention-quadrants-activity.jpg,70789,1160b0c3ee00e9e01d49f4a29df166640df1ca9303a26ad1567602dad5e5344c
developer/tests/routes/p3-1117-attention-quadrants-bottom.jpg,57443,7df4818afb25084b66558fe566ebe1f9e8f7ec9e502748526a7711369333dea8
developer/tests/routes/p3-1117-attention-quadrants-top.jpg,85702,50378980b8c300443ba18384c36929176581b5bc2457a9ebcb05bff2dc421a43
developer/tests/routes/p3-1117-attention-shifts-activity.jpg,73145,1049c4aba14b99b1b57fa35d4cccd051dea80780ddc68de9d165cdd2af4f5c8f
developer/tests/routes/p3-1117-attention-shifts-bottom.jpg,58247,bef7c81340a5ea7abcd8d390043efad4e926623810d5b5cac38f0f5defdfe8d6
developer/tests/routes/p3-1117-attention-shifts-top.jpg,88962,94ef31c3fa16bfde97a1de7b1f399d0651ef72373389eee66ff516f255022af3
developer/tests/routes/p3-1117-checkpoint-activity.jpg,83103,e0f31ed6eec73d5349cdb6f4953aa70d8866e9045092ab697245f40da2cff4e4
developer/tests/routes/p3-1117-checkpoint-bottom.jpg,62897,58bf402d0046285f5d5ca1d06bbf8dbdda2278bc8ab436cf136cfd3c04b4ea2f
developer/tests/routes/p3-1117-checkpoint-top.jpg,83103,e0f31ed6eec73d5349cdb6f4953aa70d8866e9045092ab697245f40da2cff4e4
developer/tests/routes/p3-1117-course-guide-activity.jpg,78610,b307a1620ff3c674b0cb5752a786fd30a61b2a73eb015184a704b5d43fa1ea5b
developer/tests/routes/p3-1117-course-guide-bottom.jpg,71797,c069a009538e4bc59d05544b7ea476ee4a346df4d9d959ce137db2445e81dc25
developer/tests/routes/p3-1117-course-guide-top.jpg,73736,e8262f964d5edfc23aa357f64f08e7ffdee5a6d98ef862682ad2171874487f92
developer/tests/routes/p3-1117-cues-anchors-activity.jpg,71322,431241b6f40f7c2826f3dfa10680046f0310bcadb4bd1e7c4f1cb513c616f910
developer/tests/routes/p3-1117-cues-anchors-bottom.jpg,56757,3d2e0c916162976f90673f4c25b029e4145c599c1ac2077904c1a149b2f1b2d7
developer/tests/routes/p3-1117-cues-anchors-top.jpg,87615,e064d60b6e53517224788f8e343d0d99ea056d1bd92e513ca1e91accd5e09890
developer/tests/routes/p3-1117-flexible-focus-activity.jpg,77231,90d84281f792a78fd7a349b9950f15e2630b6cc438f1bcef720e2b9bd7e88468
developer/tests/routes/p3-1117-flexible-focus-bottom.jpg,59600,793cd0c60fe8b63e1da93c19485ea1a912cd68ab957f8813ce52f42027adfead
developer/tests/routes/p3-1117-flexible-focus-top.jpg,87333,5be673dc937efc87788224de39b2660d0671796172e9149c252d2222ab39be2c
developer/tests/routes/p3-1117-observation-self-talk-activity.jpg,73584,c987ad86970642483251fb18f8be48cef315e8931904cd24864d5c2a24f0bffd
developer/tests/routes/p3-1117-observation-self-talk-bottom.jpg,58825,93d1a172333ccf680271496ba532205e62ac58d0828cbb3ab3bf643afcad9672
developer/tests/routes/p3-1117-observation-self-talk-top.jpg,80814,1c647704a846a6b282f693b60fbb2e4c4162ab1be0c7fd2f8c8511091ab9e066
developer/tests/routes/p3-1117-performance-game-activity.jpg,109287,f30809d876b5e2475ca80c40af739fd5a43c93b9cfd955d2ba698ff2071a2cf1
developer/tests/routes/p3-1117-performance-game-bottom.jpg,52718,f2e4f266b1753f0cec78de3c27d9413302b29cf1ec0ef03069bd275921945dc7
developer/tests/routes/p3-1117-performance-game-top.jpg,102059,2896e8d5bee717ae32138c43554156312890efd322a2e22c2ab225bd0632828e
developer/tests/routes/p3-1117-performance-lab-activity.jpg,66125,2b3afa986f7b66205f359dc1c745199517c73bf787990b7434599d8db1820189
developer/tests/routes/p3-1117-performance-lab-bottom.jpg,51168,f9637182431f79e996ab5bba9451e77935e758055c25614aa0078051804c74bf
developer/tests/routes/p3-1117-performance-lab-top.jpg,74818,3f2b4755211c85001023ec4e49185242d132102234a48452d41b8fd9f26c31f9
developer/tests/routes/p3-1117-phase-review-activity.jpg,65763,15f5ce2a81aabe2776bd0c0990bedc40b142688d5e492737c6d269962db5dfbb
developer/tests/routes/p3-1117-phase-review-bottom.jpg,52490,ea63eede152fbdce492f02563a050626fffa7ff82213ebc4e0db155e9803a99c
developer/tests/routes/p3-1117-phase-review-top.jpg,69097,29f8183139a35213b90e3488d19c0a282d5374af713604f3b48fc14ab813ee21
developer/tests/routes/p3-1117-playbook-activity.jpg,62407,37bb775e9690b7ddba590717659aa6e8b5684834dfaef8dfa68c250479d5d537
developer/tests/routes/p3-1117-playbook-bottom.jpg,52322,5f6b98ef29df3f2fbae8d6e395ac5147309def6ab78a1e62c2b862064f8e17a7
developer/tests/routes/p3-1117-playbook-top.jpg,75448,bee6dd90a1ac413bfd8d045466f79f09e1a701d980ca1a68a08d63fe794c5135
developer/tests/routes/p3-1117-prepare-attention-activity.jpg,72573,d1305b1f59bdda678d4b9adf823811a0a9990c1e1dd8db7fa2b5cb1b9a30ea82
developer/tests/routes/p3-1117-prepare-attention-bottom.jpg,57257,69210bb1724693e69df8691adb59b83b7c83ac655bca404203c300aee5b2623e
developer/tests/routes/p3-1117-prepare-attention-top.jpg,89247,97632321d6ae29cbac57f630c0e6d127c74efd7fc4723b2aaa40590f84fff5cb
developer/tests/routes/p3-1117-process-collection-activity.jpg,64918,41434a2d6573b831ef4f3904255d42cada12a84eadc7d9b2d34a8774e0a9d534
developer/tests/routes/p3-1117-process-collection-bottom.jpg,73278,ed7061accdadf02f0f3628d3d66638c541e03ffbed16da4cc9e4a60a9f55d187
developer/tests/routes/p3-1117-process-collection-top.jpg,65531,63a18cddd5a948887b571fcef0dc6a6e643801465103b84b651d0be7530941ee
developer/tests/routes/p3-1117-reset-return-activity.jpg,72658,3b96d16f03e8b7073ffe70bee5521b913e568af7c5ec9fcb77b1a44c9f3112ee
developer/tests/routes/p3-1117-reset-return-bottom.jpg,56901,0c368e05b1ecf7e78aa30b459b265a0619b5491e9dacb5f1e7b533eb949fdc0d
developer/tests/routes/p3-1117-reset-return-top.jpg,86940,f440d6298cd6afdf01ce42812258840581e5a52290a2d0547be9674e91fdc694
developer/tests/routes/p3-1117-resources-activity.jpg,76647,9fea45b510a34902703a8b210e33dc98e4069691be414347f89a786878ea5efd
developer/tests/routes/p3-1117-resources-bottom.jpg,69529,12a2923c953b5f1a504ebe42e7a48119f77931b89556c5f0f28903f8ef893751
developer/tests/routes/p3-1117-resources-top.jpg,76647,9fea45b510a34902703a8b210e33dc98e4069691be414347f89a786878ea5efd
developer/tests/routes/p3-1117-start-activity.jpg,48737,ceb4ff015e62a39985bbdb9f7d21cf77887c637eb9960ba702e044589aad9f9b
developer/tests/routes/p3-1117-start-bottom.jpg,50043,459ba1a1e4e60f682c8144258bedf5e12df5b30e17920e05c04847d68bacf368
developer/tests/routes/p3-1117-start-top.jpg,73133,4d756cf83f1ec576f0120cc2efb4bc634c05ad4d8e5d2b79ea327c5c3776b026
developer/tests/routes/p3-1117-untimed-practice-activity.jpg,67928,8d075e7c800cf8cfa2d0a482d3c0888f29fe5f0173490e8ce96d7280231e2478
developer/tests/routes/p3-1117-untimed-practice-bottom.jpg,50136,dd08c28836a91f57712367c689495ab3ea493187ad8a8c9ea16c273971085f4d
developer/tests/routes/p3-1117-untimed-practice-top.jpg,75203,f9682e3e3a02998471171abeb387fe48a8bbf9b075d07c9cdb025bfd1c4acb1b
developer/tests/routes/p3-390-attention-processes-activity.jpg,35796,1fb5f677a17eb29d056e360d880bf968bf5cb1de8433a41aed2352e0a08b8cd9
developer/tests/routes/p3-390-attention-processes-bottom.jpg,22865,92d98f6f4f3a22fe160ed95bebbd884c3b1cc96e6cbb4c6362bb9de5ac966906
developer/tests/routes/p3-390-attention-processes-top.jpg,35015,d1de3c1eccb43a31761fce3c2fd984bc08f0ffebff8ff23ad8e53bc209627a8e
developer/tests/routes/p3-390-attention-quadrants-activity.jpg,33094,323e416077cfdc1db429773533e2dd6999e18a1474b2c2e97171e0c685e3f73b
developer/tests/routes/p3-390-attention-quadrants-bottom.jpg,22774,bba811c7cf9dfd0efdce5f642f439c2dc9eebf81b5e23d32dbe870923effd170
developer/tests/routes/p3-390-attention-quadrants-top.jpg,33984,380a2e177414cd5e01387937f99390da4ff40d079dad63d87c38516b2c178623
developer/tests/routes/p3-390-attention-shifts-activity.jpg,31505,62b11764727b6684a8e2d27b0d79f23e2e2b3b15083092e84b6ce2ce5f1b41ff
developer/tests/routes/p3-390-attention-shifts-bottom.jpg,23171,19dfb6f51d2078c419c6b00393df8a91676bf2b62d83ab154f078ae2b28ad3b7
developer/tests/routes/p3-390-attention-shifts-top.jpg,32767,77e595f68a52bcc272f4e13dd2ca44560d416230fe617a06a649f4d67e30de1e
developer/tests/routes/p3-390-checkpoint-activity.jpg,41922,104956bf79d343bee3a7390b16f394c01706d62b590a294884cb7de2705c2582
developer/tests/routes/p3-390-checkpoint-bottom.jpg,26658,ff92e2746d0aa8502479f2be686d7f781e9ce595390fb28ca483cc4ade78d15a
developer/tests/routes/p3-390-checkpoint-top.jpg,41338,8ddcea0d33a70192d5929a67a689c1471676c4cbdef7add71af7e5da76755c34
developer/tests/routes/p3-390-course-guide-activity.jpg,40410,d48400e41a2b0cd45b13a831fc2aaf913616993f7ebb24dcfc7712a3308981f6
developer/tests/routes/p3-390-course-guide-bottom.jpg,33657,63a7083c2e6aff3586156cbd7e514d105044648bf9d06ce1b736c072bbf571f4
developer/tests/routes/p3-390-course-guide-top.jpg,37938,d1ba32bc131a92eb027cbeb37d5db8726f1b993fef375e6107a9b2a1acf5f990
developer/tests/routes/p3-390-cues-anchors-activity.jpg,32893,70a15196b456cc88104011e8a41528e33c00a8a4436f7f556f221fc220708ccd
developer/tests/routes/p3-390-cues-anchors-bottom.jpg,23359,403a1f99b10dc5fb165d11aba84f894ec97b21f120b24eee860ead270e96f32f
developer/tests/routes/p3-390-cues-anchors-top.jpg,31633,abbd70cc685cabb7ba9a09ca03ef9482689a295b9a0a7aebb6d9d5734a0b9698
developer/tests/routes/p3-390-flexible-focus-activity.jpg,33704,d77ba03a9fef38f85c8458f54b5d30be07ff69e00cf8d13bc95c13129f60465e
developer/tests/routes/p3-390-flexible-focus-bottom.jpg,23001,f2b078d201a658146307cd08cc498774583be23bf9eed9df18cbb0ccac2830a5
developer/tests/routes/p3-390-flexible-focus-top.jpg,35297,2908b5b935081869f7d7e52e22ad11be2c5c76ff4b9f0c2daf23d54fc95cd9a7
developer/tests/routes/p3-390-observation-self-talk-activity.jpg,31955,e79efee85d122121b49b9356a0d48206da674235eacf19280ec269d31a14bcf6
developer/tests/routes/p3-390-observation-self-talk-bottom.jpg,23721,11271982a7341c849c4522f66cb2cf2f2073c042585ec811f5c54f9ef0818788
developer/tests/routes/p3-390-observation-self-talk-top.jpg,36347,e131793dff93d58f7d9ed092f0296e7f0defda379f15271096871a072e6b2ae9
developer/tests/routes/p3-390-performance-game-activity.jpg,57429,540b7aeff01dde6fea77b99671c587ad7119328dbef3c0b3eb99ea0272fbaf46
developer/tests/routes/p3-390-performance-game-bottom.jpg,24118,8206a8b34f8710ece33bd0a4aef0951eebd1c2586c1de90933866bd4ed0ad3cf
developer/tests/routes/p3-390-performance-game-top.jpg,55489,34ddc2196b48763463c4f031477c3389a8e4fd037b49a17fe502ecfc5e9992cd
developer/tests/routes/p3-390-performance-lab-activity.jpg,32401,3af58e9fccdd91e381c750119c4df1bf5c238cf1bbfe3f21209e837158256adb
developer/tests/routes/p3-390-performance-lab-bottom.jpg,22582,b918c62bd4d7fa624ee57a3105934d452b90c20cd003f48cb8f8a368b44827c0
developer/tests/routes/p3-390-performance-lab-top.jpg,33712,8e01e16943e59e438c96ca484a2cc5ffb043f15e1d9c40e9739b1c39c840e66e
developer/tests/routes/p3-390-phase-review-activity.jpg,32289,fec4ebc68cf7beed9c4c9057c36848905953dad32a53d5121cde52fb6a9f064a
developer/tests/routes/p3-390-phase-review-bottom.jpg,23532,1eb436eae1deadce1c49d84b804220dfe94d894658dceaf42213cfed6c6908cb
developer/tests/routes/p3-390-phase-review-top.jpg,32125,4d589acf27003f4a38b37440b63cdf1d5cd9274108d2a59e92bb1c29f4141211
developer/tests/routes/p3-390-playbook-activity.jpg,31010,4afe76ebc9d5995e268b2956f95e24850a4e96d496e29a05c0204ad3665fc5a5
developer/tests/routes/p3-390-playbook-bottom.jpg,21650,24c63479218db20608b0fc80afdbfd7ca655a58eb2c9e53dc1d0e71bb8c5cf24
developer/tests/routes/p3-390-playbook-top.jpg,34357,e874071be15f3358efc0ea0283033d372ecfb7034da28b7f65e678a821b6e0d6
developer/tests/routes/p3-390-prepare-attention-activity.jpg,32487,f4fab2a4e0b2b82a437f2fa7a91403ab83ce3f374c63b17ed484161ed2508934
developer/tests/routes/p3-390-prepare-attention-bottom.jpg,22993,f2b078e2ca50c830697e714370d8de4bd16131c146ac7f15218c9c56be321fea
developer/tests/routes/p3-390-prepare-attention-top.jpg,33048,ee203b4625c9b061c9300bbd5a7ad9a3f3f2aa39c32972719df6b423a784dde1
developer/tests/routes/p3-390-process-collection-activity.jpg,30832,2c70d374b313b343cd12fba54287950c2b07efb2ef025d2b5e88ee9587e892da
developer/tests/routes/p3-390-process-collection-bottom.jpg,40925,6a89a2f330eeb591d1c0671a9cad8fb13b2723954d182bb0e5691c5d424178a9
developer/tests/routes/p3-390-process-collection-top.jpg,32902,8370af7d5b989809de93184f559a669116555267cda99833977e359f88081009
developer/tests/routes/p3-390-reset-return-activity.jpg,32931,5cc1db86c9e2d195e26e6a85f681b35a3817e2406294d25ae57f6c136c8aca9b
developer/tests/routes/p3-390-reset-return-bottom.jpg,23077,2f84f6d8b03933fdac528a732117d7ce0808b3cab562daac9b090249c013b98e
developer/tests/routes/p3-390-reset-return-top.jpg,32109,344a98faa15166267a8d8f26afc45f06ddedbaab88e7a51f826fd1f92fa62c49
developer/tests/routes/p3-390-resources-activity.jpg,38636,d747a920295e0e2b26f74dcc13b0bb3604dc527deda08da861229860a016ad02
developer/tests/routes/p3-390-resources-bottom.jpg,35676,56ddfae91e4ae30cdea4b42e8aaaec7b5478cd4107ef2b5a4c77a4f3e97f520d
developer/tests/routes/p3-390-resources-top.jpg,38653,eaa9a8e8bd663954ec598e3daeda7488a1d00ebf0fdb6695f44ad227c42eaf28
developer/tests/routes/p3-390-start-activity.jpg,26056,db8081f9d6eeaa0f8c7924f842bda1ddba54cc54801aa4c65556e35b223e4e50
developer/tests/routes/p3-390-start-bottom.jpg,24939,f49576f6fe02d0ab4cdb95674e1c30456a0fb56622bace6700879e42bb869c95
developer/tests/routes/p3-390-start-top.jpg,35535,b569654d0f66c6102adc8d50dd14af8ebe0c145832cb0f32822a9353e353eeb1
developer/tests/routes/p3-390-untimed-practice-activity.jpg,32325,c787c98979525bb91f993e5cbea7412420573863fa732b9389f0a5fe2a8f5355
developer/tests/routes/p3-390-untimed-practice-bottom.jpg,23325,df3cba309fcd13a09e52ba5fd76732ada46ea7dc241dee091af1741505a6d202
developer/tests/routes/p3-390-untimed-practice-top.jpg,39662,04b0766e035ee754b8c404e5d0816aa0b8e67c3fbfe9b81925280075551972e7
developer/tests/routes/p4-1117-cba-routine-activity.jpg,71736,8971394d2468b85cd719683f763e2b99182d74c7c0ab81d56ceea1ffc0f9950f
developer/tests/routes/p4-1117-cba-routine-bottom.jpg,58238,acb30ae4cbf7aa8879bf25813f452e8c6e2b957563615abb8843528bd7c03b4a
developer/tests/routes/p4-1117-cba-routine-top.jpg,87206,da589ac0bfb710f267560dcdca1c83c5cd2403a2be1ff8bdc941bad03f6c9f19
developer/tests/routes/p4-1117-checkpoint-activity.jpg,82041,57851fb8d2144bbb451b039613d0b082839ab17a52c31642e6671f5d2ccb510a
developer/tests/routes/p4-1117-checkpoint-bottom.jpg,63218,a62cea2346715be91b8b7ca3b0ff480ad341f1accacfb9ae52f5e8474b7a2e22
developer/tests/routes/p4-1117-checkpoint-top.jpg,82041,57851fb8d2144bbb451b039613d0b082839ab17a52c31642e6671f5d2ccb510a
developer/tests/routes/p4-1117-combine-toolkit-activity.jpg,76381,6bfed79ae29ff599e035e72877ed35e6125c4ae03d20d6a0e4ec0d183fb7f036
developer/tests/routes/p4-1117-combine-toolkit-bottom.jpg,60621,ed3e620523a68369064331490142f9651d3b51429f09fe9eb12ea33037e0e411
developer/tests/routes/p4-1117-combine-toolkit-top.jpg,89951,d23faf0ab81dd8201519de956977f3922696bd9694dbb8acf343636582868af0
developer/tests/routes/p4-1117-course-guide-activity.jpg,78738,89a2979765487626d0c630d8d2f7bbc889ab35f1b26e9a039fafa16f6c90732d
developer/tests/routes/p4-1117-course-guide-bottom.jpg,72022,1939dad8406cfd79d97f4ce90fa89fa84201ce6e506b6a7173d670398d2eba47
developer/tests/routes/p4-1117-course-guide-top.jpg,73882,ec02ab80a91af237a204b3e7c58fa95a198f0f3025e240056eaa4b8bd4ffb6c0
developer/tests/routes/p4-1117-disruption-rehearsal-activity.jpg,75192,f37722ca028aa47e5954bc734e73f71ba31c9636eddaa6ad5b598d6c4f07820d
developer/tests/routes/p4-1117-disruption-rehearsal-bottom.jpg,60331,a0722660d0169fd37acd3f497aea60869775db4e1548ae638173b7b36e437d1c
developer/tests/routes/p4-1117-disruption-rehearsal-top.jpg,82584,79122060c701f6e45fe9defb06962c2d2837fc8def6a73e269ebaf5721a34188
developer/tests/routes/p4-1117-feedback-setbacks-activity.jpg,74353,2cb2a0e62d2d48ff9b90908930d47eeb87e9cd79f2fd031fc3bc2a9b2a0f8ea0
developer/tests/routes/p4-1117-feedback-setbacks-bottom.jpg,60023,cc611f2c91d72f831ea258dc57e5da4a0314c30170fbb2decade60d2700a22f4
developer/tests/routes/p4-1117-feedback-setbacks-top.jpg,93848,c1e85710bc887d951acb867961883207e2d8b58f9b1413303289783b25e64179
developer/tests/routes/p4-1117-performance-game-activity.jpg,109808,db2f7f939080be663f2adcd0f1d5fe278605d08bcc11a4cf450999da12b268b7
developer/tests/routes/p4-1117-performance-game-bottom.jpg,52987,203126e4acdccd179da5cf33e6c205caa0bb9b9a96ec1d9b9ba1d94816967a6e
developer/tests/routes/p4-1117-performance-game-top.jpg,102754,16b1dc40322e990d70c1eb4c96bf05b25cca65dad5fe88227ecef367cfe589d8
developer/tests/routes/p4-1117-performance-lab-activity.jpg,70315,c86cbfe6962ed6a8cf7b3e15e01ca7980f6ff89d3aedfb719a513ace3888bfdd
developer/tests/routes/p4-1117-performance-lab-bottom.jpg,52963,da7d03ab45d9a60e1360423998b627aa69852b6cffc4975440c263f12de89b36
developer/tests/routes/p4-1117-performance-lab-top.jpg,74705,53de06c5eb70954097b10b5d11d31ec0887dae550e1e2ea84c00749df728f012
developer/tests/routes/p4-1117-phase-review-activity.jpg,65001,cce32c647552ef7210174aa4295a7ca557b5cff09d9718b720d0358d81a292a6
developer/tests/routes/p4-1117-phase-review-bottom.jpg,54277,dbd196156a92aac719e26241c558378f0e84c4928d4024f0735b7457e0468507
developer/tests/routes/p4-1117-phase-review-top.jpg,69865,6461a47ea30028f0fc4852878b714dcb73c58b1ef53fd674ca50e1dcd4ce6757
developer/tests/routes/p4-1117-playbook-activity.jpg,65125,03378fb9544013ab3537c5bb9edb2d1132be251e9bad90575cd11213db694435
developer/tests/routes/p4-1117-playbook-bottom.jpg,54223,b89c2463542b74a178fcee2b0a11d39b466742459210142485e99e55f0246080
developer/tests/routes/p4-1117-playbook-top.jpg,79003,7a84ae9480a94841caca8d12358cc0ce64617f2048e8825d71c044d83fbb9b92
developer/tests/routes/p4-1117-preparation-evidence-activity.jpg,74829,b2536e890eb9ba83b8b024729468a927e392a588a2fa09d4a52684a75c542bc0
developer/tests/routes/p4-1117-preparation-evidence-bottom.jpg,59487,31029b7d736914fe4a4a1a2e5867b65971731d1e3dbff2c42ee535a5b78c6a53
developer/tests/routes/p4-1117-preparation-evidence-top.jpg,90964,f20a52b775f8b1d1b1230ab470933fe01d6b98d197bdc65bc708b7932fdfc115
developer/tests/routes/p4-1117-process-collection-activity.jpg,65743,f5020419a05321aeb27790d5d58ae8f6c398073140790df235addd63cfce8983
developer/tests/routes/p4-1117-process-collection-bottom.jpg,77954,f77fb9cad176c99cc779d440b3883c036c7f1014ad4016a2a7f879f1ebc2c130
developer/tests/routes/p4-1117-process-collection-top.jpg,66376,bc3f4b56785bc109d742ad7ba5f4a26c6c10b7d72857d2e9ecb597223d030921
developer/tests/routes/p4-1117-rehearsal-formats-activity.jpg,75695,ffb358544cb4d76b548f0489c16725d331851358b5f1a3206578ec03407bbaac
developer/tests/routes/p4-1117-rehearsal-formats-bottom.jpg,58305,89ae6f6336a166e5c993954aa680621fbdf3a4368788851f6ecd8cb49eaac9d5
developer/tests/routes/p4-1117-rehearsal-formats-top.jpg,82488,67ba21e4ad4a9dbba72bcc335fdcd00a506b5bd8274f2c6519fe6e704b445687
developer/tests/routes/p4-1117-resources-activity.jpg,78943,2e17439af44cada04af7de6eb02f05165c4d2214ed662aeebf2c4f512bda5aa5
developer/tests/routes/p4-1117-resources-bottom.jpg,75419,a65e4d47b54785ce96e3f2b075144cf73063fd564210059bb727b102356d189b
developer/tests/routes/p4-1117-resources-top.jpg,78943,2e17439af44cada04af7de6eb02f05165c4d2214ed662aeebf2c4f512bda5aa5
developer/tests/routes/p4-1117-start-activity.jpg,49934,34abfb55833bd530ac52251dd5984ce41142ea8a53b475fa8248d74665647970
developer/tests/routes/p4-1117-start-bottom.jpg,51756,b2a5d40627990fe605d25293d3c2980808a17282145935e86f2da5d2bc485c81
developer/tests/routes/p4-1117-start-top.jpg,73889,257d313b87a12872691ab20c996a4824b6a56c045cf50c9ce1abe88e52fb91e5
developer/tests/routes/p4-1117-task-confidence-activity.jpg,74261,33e1480fa3daed27d92480a312a5db361b07f5082186141de051496ca9ecfb62
developer/tests/routes/p4-1117-task-confidence-bottom.jpg,57723,9561ca28f2ff1089e03f63fa2c5517e06de0087e95a3c16954a5c7d420aa5dae
developer/tests/routes/p4-1117-task-confidence-top.jpg,82594,4565cb50016dba77f71bfd2e3aea85d8c58ed8733593aa027a411c61c6de70d9
developer/tests/routes/p4-1117-untimed-practice-activity.jpg,70377,d2e6d2f8869d34d813b7680450f94648e5882cc082165510a1e7d46c77d59efa
developer/tests/routes/p4-1117-untimed-practice-bottom.jpg,51095,a52f0a593280440d2004f14abe2f0e7fd74985d148831aed2b3965efb28c5734
developer/tests/routes/p4-1117-untimed-practice-top.jpg,77301,975a0086619cc364e6b6b0d7a5a4cab89d3312b0fd8b420dd18e7bb8fdd53d03
developer/tests/routes/p4-1117-useful-evidence-activity.jpg,74579,606d0263c4842458fb06e4cfa63837f47875130c4a28f8b9bda28dec150b2574
developer/tests/routes/p4-1117-useful-evidence-bottom.jpg,60579,7197dfb0a6175c3c71be4fe0d7aa53cbe8b91c9498c87aba6967c49b1650b98a
developer/tests/routes/p4-1117-useful-evidence-top.jpg,87908,c67eafa53799f3ba7c3a2557ec71bb4e42143b9ecf2820750b6f7ed9b1cdfb07
developer/tests/routes/p4-390-cba-routine-activity.jpg,32503,2be2773009a35d3fb539f2aa9a805b45687310b41d66e15c7731e76d65bd4bc8
developer/tests/routes/p4-390-cba-routine-bottom.jpg,23657,164f84f043c5bad9a668afb46bd905b19f38702d0340273af45474a98a0b3f94
developer/tests/routes/p4-390-cba-routine-top.jpg,31664,9eb0acb343e7150e7d0934918d16dbb0ced0f05d4044cd94ac89f3fe4b33404e
developer/tests/routes/p4-390-checkpoint-activity.jpg,39684,a46848cba88704d865c5fa8b929dda06af2379cbcaab328a8bffd9135f9fce97
developer/tests/routes/p4-390-checkpoint-bottom.jpg,26498,c52a4c7fdef5465b113a813b871dc7aaa0dfc0b14953eb65c724790b37afd0e9
developer/tests/routes/p4-390-checkpoint-top.jpg,41300,7d374a7359c34e9ded12d5a54b4580cb922e88eefa5e4c7018659fa00167b082
developer/tests/routes/p4-390-combine-toolkit-activity.jpg,33673,ae47fb1ac752a685e731d0af6fc08aff55d128858bec98ef459159948d7da739
developer/tests/routes/p4-390-combine-toolkit-bottom.jpg,23910,39275202b48d04d7989fff054f657408c9abda97f3001fb7d48053a7add40be7
developer/tests/routes/p4-390-combine-toolkit-top.jpg,32764,5baaaa491dda1308d9cf94ef11136ddd5d64150b1fba1d625aee924a2aec385e
developer/tests/routes/p4-390-course-guide-activity.jpg,39139,ebd75b35469204f360bec6a0cca7ad84101e5d03ee797a66508a980ce36939b9
developer/tests/routes/p4-390-course-guide-bottom.jpg,33690,6f80a010134075ef7874d15141b5f20ef8c0be6569032f4761b05cc77de4dc5a
developer/tests/routes/p4-390-course-guide-top.jpg,38273,c26d464984ca2dc6d2ff61f76261f423f72c3fcafede60d598769811bea8d858
developer/tests/routes/p4-390-disruption-rehearsal-activity.jpg,32671,f3bf65eaec1708520b90453b188d711513474ea956679c1435b47a902ac78fe9
developer/tests/routes/p4-390-disruption-rehearsal-bottom.jpg,23447,33663536f0bc94d0ef07af1837e2541d949735fca11e81df6f487755f64c78f8
developer/tests/routes/p4-390-disruption-rehearsal-top.jpg,36685,43a06baf4ba054f4a0fffd54b4ddd3f7bfb2667e59b77961f2a0c8c9c59e8f8e
developer/tests/routes/p4-390-feedback-setbacks-activity.jpg,32099,bf4c1de63cfce5a89f23f422a41c0d444a27a3f13ab41be0e9c9a7c321a9cf0c
developer/tests/routes/p4-390-feedback-setbacks-bottom.jpg,23225,5ba95fe00b953c8b5df3431071b2c1c3d23163ba8d9962a721a0736f03070dbc
developer/tests/routes/p4-390-feedback-setbacks-top.jpg,35049,2c2e29fe65d84eaf6d268e3bfd29cf9f285e95e893c308d3df00c4314ec2c9cb
developer/tests/routes/p4-390-performance-game-activity.jpg,56691,a15cf34b668b2eee3edf1a7c02a94bafc09e81dcd720770e3d0edac4361f0d0f
developer/tests/routes/p4-390-performance-game-bottom.jpg,24118,8206a8b34f8710ece33bd0a4aef0951eebd1c2586c1de90933866bd4ed0ad3cf
developer/tests/routes/p4-390-performance-game-top.jpg,53170,845d172cf4db4a6c5ef4336f1f7574700df40c6b2f908eb42cb03c1c5f702d18
developer/tests/routes/p4-390-performance-lab-activity.jpg,32731,4d33e2c2fae6220f01a9897af8e26cc03c997073d128264151dec212d8fcf202
developer/tests/routes/p4-390-performance-lab-bottom.jpg,23350,bdf4bce649ddf38e0fcca4cda1208d3e12db377d1b65c828fbde89c462ddcbc1
developer/tests/routes/p4-390-performance-lab-top.jpg,32869,6d7de9102ed044a7566f3b0ab0d3769e1fd2ace3b7ca0439416627d8f31ec5c7
developer/tests/routes/p4-390-phase-review-activity.jpg,33613,5b16d93a98dae8963022e257490930e1999715b1572259ab48dcc2e62adce709
developer/tests/routes/p4-390-phase-review-bottom.jpg,24214,3b6a6546006110f6226e17206ebf43c2e1064396adad41b81e5f79d1127e49de
developer/tests/routes/p4-390-phase-review-top.jpg,32136,5022e48773bc87ac0b7ea0ca9acc1e4d3c45824c5597ce3099a9044f5c7b8c1a
developer/tests/routes/p4-390-playbook-activity.jpg,29520,5924ac1184db0ecfcc96f4913f3fca70716022ddd48e6bbcd8a3409e601a7626
developer/tests/routes/p4-390-playbook-bottom.jpg,21932,3035143dbd0cfff5ce92baa9fa9c93d96edd51d2dd4d356362881443e0956af6
developer/tests/routes/p4-390-playbook-top.jpg,34790,c3f9d1ad604f16f2c02cac0a5ebe91403317939246b81ade07ad2b6d0f805f85
developer/tests/routes/p4-390-preparation-evidence-activity.jpg,33390,fef01c9f1845a5d5ba5340bac938ea878aaa80ae54b6bc5498d9a9c928f02816
developer/tests/routes/p4-390-preparation-evidence-bottom.jpg,23731,e7f7260563e482db2848f26ec3fcfa1ae24d792a32d4e085f9275d7bd79fcd6f
developer/tests/routes/p4-390-preparation-evidence-top.jpg,33653,d9d03090b14a3a79c1932892ed6649cc493bb2df8050799ae4d45e8743c194f0
developer/tests/routes/p4-390-process-collection-activity.jpg,30822,33d7c6c25d492d41bf3bf0911175cb908e56f6579c6c46f5eac5e38019817d9d
developer/tests/routes/p4-390-process-collection-bottom.jpg,42992,28ddd3c49ab8e10c0cafd2d70a1367da4482b50c064d13ac9afabdfa26803b06
developer/tests/routes/p4-390-process-collection-top.jpg,32900,de47bdc9e2f8d25e5a9d1811c8af0c4ab6ea2f8cf41eac1c6c894f220df87973
developer/tests/routes/p4-390-rehearsal-formats-activity.jpg,33624,1da7fb87174f547de16b4b4d6b12dcb595d5174de1044b3dbf1644e92108b991
developer/tests/routes/p4-390-rehearsal-formats-bottom.jpg,22815,a5a0775b6c43a200f1bc6c075f315f456f966afc6cd7ee7b33e003f304f1c77c
developer/tests/routes/p4-390-rehearsal-formats-top.jpg,34897,643d193b94ddfa446b3f464ee237749a4b661c7da78afededd70e01daacf60fb
developer/tests/routes/p4-390-resources-activity.jpg,37180,f719418432f0251de83a8c6d75d8ed3ea2a6a087a7691caeab3d01dfa03b15b3
developer/tests/routes/p4-390-resources-bottom.jpg,36034,449747a077ce820a4a59dff6eb0ea0ebe833188d6058812db589c166f03d7f97
developer/tests/routes/p4-390-resources-top.jpg,37163,39ff9f0f0f22ca69f06b8e70a1effaacfb5a13aa466f882f13efadb043f88bbf
developer/tests/routes/p4-390-start-activity.jpg,26795,453ea075314592d9708657933da1ecb36523f764ef4d02fc61b71e74012cb52a
developer/tests/routes/p4-390-start-bottom.jpg,26558,86daffc63a7686890855fd6e1ecae72e051523c8f3be78650289ce01e3645d86
developer/tests/routes/p4-390-start-top.jpg,35948,7be6f2f322a1d12bf380f49c8d9334ff06940049aecdd45180b8dbab00d66969
developer/tests/routes/p4-390-task-confidence-activity.jpg,33138,f625750648a09c9795cdf980bc9ecfb35d514e201b2ab9e40a438d1c3713a960
developer/tests/routes/p4-390-task-confidence-bottom.jpg,23108,c605da9a06c77e318d864bad449e0c480e2472c8c3dfc6757dc032704a278c6a
developer/tests/routes/p4-390-task-confidence-top.jpg,35779,bee68889bcbfa07fd536c6b4e38239cb0c2d301a808227b2bca286d75c718950
developer/tests/routes/p4-390-untimed-practice-activity.jpg,33400,074fa695fba0487abe86b02f7f20037422184eb7163902734b53d10cafceabbc
developer/tests/routes/p4-390-untimed-practice-bottom.jpg,23575,739e71685fd8a8a47af424d6be159fe07a9ed2c84fb6e49b101b2911933c2851
developer/tests/routes/p4-390-untimed-practice-top.jpg,41236,8a853e18e50095dbe760a5eec1be4415176d18ca2df5acf5e0e4dc5db90da384
developer/tests/routes/p4-390-useful-evidence-activity.jpg,32237,8bc9144694ad2b9f0b424636ee5d53478037f448d185ea2403be4e4c8d4b0a67
developer/tests/routes/p4-390-useful-evidence-bottom.jpg,24036,bc640eebd4ddbac20b8b3299c31cf808647df7dc8f59c9ddd4eac096938bf6c8
developer/tests/routes/p4-390-useful-evidence-top.jpg,36112,554f56eca3f0489f8f112670a302bc1227011d2c2aae26d0604fce775c84a6fb
developer/tests/supplemental-interaction-results.csv,1856,b780a9364513ac5d7b33e0e40c34a14fdf312ec5490f396a8b2f069e03c75559
developer/tests/visual-geometry-comparison.csv,1316,6b6b953be4a109c29a63640432c9d988b5fbcbc87e222692f6cbd1f705da4343
developer/tools/README.md,1450,f81db366ac80c25f569153fb1802449bbe59557869eac7e93bd6c191a20cba45
developer/tools/build_readings.py,12942,5ce41db93d309c69e70204f07ceb5b8734ce2115e1bf0f33e2b392953fb39fa3
developer/tools/capture_final_games.py,2958,016bbbef1c1ba045f7236b6a1930ad86443d2655fff07cf9ed926dc6a37ce241
developer/tools/final_checks.py,5630,b4789e86b06f3b4402b5248a50efb52c2ff7bd0c8fa8082f48800000e5c732a8
developer/tools/supplemental_tests.py,7594,a3ca453142e8beddfc8feee6ac37a7ffee19d21a4ca34839c1826ae919642b15
developer/tools/test_harness.py,3124,f4fdb183aad446934412bdf2fbc6bf88c017c89daf8d702a0cd8d0ba21e49d98
developer/tools/verify_modules.py,14576,9205fd29957247778e02ded9f8c211a9a006ed554df778c6503f78afc15efbec
sportswellness-phase-2/README.md,932,1382b5e4a42bf4f1a5ac60d64634dbea8e222892aa71776a5e495bf3f978d15f
sportswellness-phase-2/assets/figures/phase2-growth-equation.svg,2356,3eefc938bdfaca25cfeba211d28494c978dc873c823399125f6065d95ec11390
sportswellness-phase-2/assets/figures/phase2-integrated-discipline-system.svg,2782,dba1512092267af40e9d8b0da438fd9c86b50b6c40649b5589a071c932a9e076
sportswellness-phase-2/assets/figures/phase2-motivation-continuum.svg,3512,595322a3b875c340f7c63c5d6bde5545fa56404a65d01b17df8b6023fd3f3d35
sportswellness-phase-2/assets/figures/phase2-person-situation.svg,2982,d769ad9587b9a0e297cc75455598391f37ce254f2d922d6431b3f92b6dfe013b
sportswellness-phase-2/assets/figures/phase2-psychological-needs.svg,2758,552df23e1812e3130c130ea80910ce04439f1e6b53f1d15375a2736e2e71be4c
sportswellness-phase-2/assets/figures/phase2-recovery-continuum.svg,3429,2b2593fbb18bfa8677ce11a322b3ea8d7c63953944e3bd2a8a1e850fda0c4bfb
sportswellness-phase-2/assets/game/SOURCE-AND-LICENSE.md,646,cab059e6135ee81e55fbdbbe07431b74c0137feae043cc36758da396d459d07f
sportswellness-phase-2/assets/game/bridge.js,5702,50a7350ba83e8c8b77a07c7437049a8aa4829a853965b060d98f81f679c3df5e
sportswellness-phase-2/assets/game/controls.css,1908,204dbab65d5c50d699a23a8b79d3faea77570905f62f55d683cc5ae7a0360c94
sportswellness-phase-2/assets/game/game.js,31300,1054950ba4f5d623438fdd52540c5e888b5dc5bc156b6d95883c93a2aae19361
sportswellness-phase-2/assets/game/game.source.jsx,26753,588c89923f575a082cda9a5585c00e7723e59878d2a56429dda5241d7c2fde89
sportswellness-phase-2/assets/game/index.html,1249,032d2220b2521d2fc8799f880786037c688f880f17998451928350c9db564031
sportswellness-phase-2/assets/game/react-local.js,1126309,510c116445b704631300cb52a1660df58eb2654b34f75face1961ca8a955c5b5
sportswellness-phase-2/assets/game/scale.js,2162,0f296e9351353101127fb52b2167e0536dde617765d52c489e850f1e445da6c8
sportswellness-phase-2/assets/game/theme.css,5687,40263de60b6f04c08f89cbdda67a4886e353cf27cf597738395aa92dca1c7a62
sportswellness-phase-2/assets/game/utilities.css,28499,6a1f2d60096ee870357a5e3d2e71ab8b7d043ac10607525572e09129d73f1fa6
sportswellness-phase-2/assets/readings/phase2-drive-reading.pdf,146637,45bf3a740c05495d0ead2deb242967b9c1b50c605e16c058156564632418cce3
sportswellness-phase-2/assets/school/next-step-logo.png,53313,9ed7b47ad131ec598ae77fdb4650c95658dcab6fa1db6e6630c2fe7809b25ec8
sportswellness-phase-2/index.html,192659,3050b3e2ab79d1893e043f3b28c87a767115d28db252011694f87b2a887327df
sportswellness-phase-2/review/ANSWER_KEYS.md,7172,433c92cf0df79cf5bc6eec44e9bde348188cd044d06416c0d5a3aaad3badbeda
sportswellness-phase-2/review/CONTENT_CHANGE_RECORD.md,2156,489abdf675a358ee12f1043bd34323d9ab991522654367596854f3c41e621473
sportswellness-phase-2/review/READINESS.json,1521,9fd579252f50110d68cf778510751f7477062fc18649ae291be6b989b190d602
sportswellness-phase-2/review/VISUAL_AND_TEST_REPORT.md,1225,703fc26c15330bc14181c3f20dc910342bd61a3518fdb42124b345c9da63b858
sportswellness-phase-2/review/acceptance-checklist.csv,1126,22fddf27ff88440decca98fab63b36e622e754635c32d3fd1b8f760472450e55
sportswellness-phase-2/review/asset-review.csv,2835,5457ed6405e40ec405a9925a8daf788ba4bbecde7576a2320eee88a07f73dfe1
sportswellness-phase-2/review/assignment-field-map.csv,21128,af3c01b778c7c07bfaeebbe76370b4a408b551a3296f3562327213e73983d5de
sportswellness-phase-2/review/authored-content.json,68207,70693f4a1fc8caff026fc9376f27e0d9a56da7e44796d5e95e5dbcabcb1ae406
sportswellness-phase-2/review/checkpoint-provenance-and-key.json,16669,4377a45780f40a034012b902b06cdb3be6949d66a70c16046c005c710c201ca5
sportswellness-phase-2/review/curriculum-evidence-map.csv,2824,196bad72186ccdc034eb88de8b8580d36989aa26493a5ec5138785bc8f27e0d3
sportswellness-phase-2/review/new-evidence-fields.json,348,4934225e171ef9007c67f0b2a5b93a40bf02385e9086fe0149d6930734e09660
sportswellness-phase-2/review/original-teaching-sections.json,37427,c82a16a38dcfd59732ef825005102802bf55c374c4a48ee24b944fdff9d5a643
sportswellness-phase-2/review/phase-config.json,1083,9590ac6132466d5aae9710c662212b65dc561fd8aa09e58f38ec3bef116a92d3
sportswellness-phase-2/review/phase2-interaction-results.csv,2021,1e4b29f3a31711f1ec864b3a92afc1aebc69afb3cfae4889dc735415446f1387
sportswellness-phase-2/review/phase2-original-written-review-map.csv,5492,bb34159f79b0ad10442555c5364c1dffbea9879dcbf79176f717005510244515
sportswellness-phase-2/review/phase2-route-results.csv,4143,027bf1b656247b6c9adb9b729ce1ef56a2fc2f471b5ce7a70fec7f0e1c8d9f0f
sportswellness-phase-2/review/question-provenance.csv,29858,0410e912a9f9199426b0194555199ee1dcbb2ce82faa22a238a37e3409f8f707
sportswellness-phase-2/review/reading-source.html,86887,5bf87bceec5e73e4b4edab94bb2cf00fb2ec8e9d8d5827adf878c2d3033f2f53
sportswellness-phase-2/review/reading-workload.csv,1438,eeb352a7d6c9204d58573b45e41deabc33fa1447e27f98383362b70c1be8782a
sportswellness-phase-2/review/route-template-map.csv,1722,14b4cf7d9e5af6b64a13dc0b454430adb14a3bfbeb7e768228a58d8f7f9687ab
sportswellness-phase-2/review/source-to-lesson-map.csv,5470,bcebec4b366491598c508a8f3579fb58e7de0c87744b7dc62b2ddeb219adbe15
sportswellness-phase-2/review/video-review.csv,13026,4e4ca9740e08fccb318a30ed397d5206aa5639f323204e362bda005cd0df79fd
sportswellness-phase-2/runtime.js,43373,18e3329c4628f7b36bfebf03448787def4ecd8d9b1d10e3e3a494dfade23caab
sportswellness-phase-2/styles.css,105018,b5f0822a0ec80c4d854ba8e7a97bc5234d283813ffb78a5fa9e35aba8d0c63ea
sportswellness-phase-3/README.md,932,51128b0d3b73a48e23a253ddac7434e77b96dad3053028bc3bb9a5a8039a14f9
sportswellness-phase-3/assets/figures/phase3-attentional-quadrants.svg,3567,bad906a6f347b7230ff54d265da0ce57c5f840f469489fbc4a2fd6f299dc61ff
sportswellness-phase-3/assets/figures/phase3-focus-system-map.svg,2566,10e9b49a7c17d70df9a02cee7b924b9ed9b0c8999b5600d60d8aa781ce1680f3
sportswellness-phase-3/assets/figures/phase3-inner-game-equation.svg,2915,e93831b020e1ab2b64e1c5701dd3057748adfe228eb77b48ff912446c6a92acf
sportswellness-phase-3/assets/figures/phase3-precompetition-blueprint.svg,2698,1e50d04cca2b06c55027346b76f28528f78037485cb54e61f6f16c3fad6940b1
sportswellness-phase-3/assets/figures/phase3-reset-sequence.svg,2603,12550deef9e9752b2a6208bc915a5e7c22aecca8424e15627c536a42e1f0c83f
sportswellness-phase-3/assets/game/SOURCE-AND-LICENSE.md,641,6704810c8cdf4f62131fffc018df8d38f28443a04f5c86f651f0028157a58bed
sportswellness-phase-3/assets/game/bridge.js,5702,50a7350ba83e8c8b77a07c7437049a8aa4829a853965b060d98f81f679c3df5e
sportswellness-phase-3/assets/game/controls.css,1908,204dbab65d5c50d699a23a8b79d3faea77570905f62f55d683cc5ae7a0360c94
sportswellness-phase-3/assets/game/game.js,32749,280bdfc95f4539475b32caad14094b5131f8ce85271d966805cc23fb0363adf1
sportswellness-phase-3/assets/game/game.source.jsx,28681,45246076e59099d313d4b1a5eeb13ed829c09fdb14b3d6f1cf53c339b66bdadb
sportswellness-phase-3/assets/game/index.html,1244,b5a65c63aee8326777e1170366c6c43c84e22a4149cd5a64ada58b57fb252c20
sportswellness-phase-3/assets/game/react-local.js,1126309,510c116445b704631300cb52a1660df58eb2654b34f75face1961ca8a955c5b5
sportswellness-phase-3/assets/game/scale.js,2162,0f296e9351353101127fb52b2167e0536dde617765d52c489e850f1e445da6c8
sportswellness-phase-3/assets/game/theme.css,5687,40263de60b6f04c08f89cbdda67a4886e353cf27cf597738395aa92dca1c7a62
sportswellness-phase-3/assets/game/utilities.css,28736,4f63e8f815ff7ba117be92d71829666ca7c4ad686787cfc532eedd1b7a21733a
sportswellness-phase-3/assets/readings/phase3-focus-reading.pdf,144091,d38c585676ce808205e021b5a03798eab09a69debd435bb98f51fbbbebeb4029
sportswellness-phase-3/assets/school/next-step-logo.png,53313,9ed7b47ad131ec598ae77fdb4650c95658dcab6fa1db6e6630c2fe7809b25ec8
sportswellness-phase-3/index.html,188810,aee09ae27d022bcf50b5ba30e39f77e09af24a7d2c2949ac252ec051c1fe1b5a
sportswellness-phase-3/review/ANSWER_KEYS.md,6754,cc09200f11cc32ad6fc8c85556573becbed2e6c4c6bed614d2399773af2d2a28
sportswellness-phase-3/review/CONTENT_CHANGE_RECORD.md,2156,f9c0bd5c25d8f2e475c4f71b94181232d31704543b59ad2e1882203ddffe56e3
sportswellness-phase-3/review/READINESS.json,1521,ec058e80dc7a17f1c19bc522740304fae57a5f3a96f58d5ea87fef4208dc210f
sportswellness-phase-3/review/VISUAL_AND_TEST_REPORT.md,1225,eb73db7000b27bf61568133e770e82c1a8ab811f0c608af5d0a77f32bcd7edda
sportswellness-phase-3/review/acceptance-checklist.csv,1126,22fddf27ff88440decca98fab63b36e622e754635c32d3fd1b8f760472450e55
sportswellness-phase-3/review/asset-review.csv,2316,eeeeb1903521abec25fbb8e44574d49b0824368104c1df9558d85ddb213b38bc
sportswellness-phase-3/review/assignment-field-map.csv,8027,73ecddaec51c1dae86889a5dd625300152355582cd474101d943baff272c08bc
sportswellness-phase-3/review/authored-content.json,64220,4c84a0a03a2a09bda080819539ea43bb897d4daa08a4a245e1e5f48d5a86a1f1
sportswellness-phase-3/review/checkpoint-provenance-and-key.json,16536,c8f6004118efbcf18393051518f8498a41e7af85631915f2ff6f0439891d1cbd
sportswellness-phase-3/review/curriculum-evidence-map.csv,2824,196bad72186ccdc034eb88de8b8580d36989aa26493a5ec5138785bc8f27e0d3
sportswellness-phase-3/review/new-evidence-fields.json,910,9313a3b1cd211e156bd242704389f7729a38eb467b6ed8d18487a36dbc505d7d
sportswellness-phase-3/review/original-teaching-sections.json,23947,bddb4f35ca914a8bc9557af8d04752c8b2e0338978ec5fad9e992efa40b55b19
sportswellness-phase-3/review/phase-config.json,1083,b5f57783b87615e4ff69e7873e8a6d89ff44cd079ae555751506276666d24932
sportswellness-phase-3/review/phase3-interaction-results.csv,2021,81faa92186bda076fe5bc4b67ea23280214fb227b26925e21b4490e9528b6886
sportswellness-phase-3/review/phase3-route-results.csv,4151,7efa39a5d92cf4ecea4d06a86230d6bc2bc8572b4f29f66e79a632013be351e1
sportswellness-phase-3/review/question-provenance.csv,28034,5b996c6e0cc2fa3ae40b7910c7074bb9c8caad5a9af32d153d8c2685feaf0eef
sportswellness-phase-3/review/reading-source.html,83067,f32fa8359b22e0ff84f2f8f1d37a5e8fa8e01366db73b7d0d9a2b3f981a72a88
sportswellness-phase-3/review/reading-workload.csv,1441,3dc8c4661b6913340bd440ca3213bb9cca7e971d5573db66e6283694238dc9a1
sportswellness-phase-3/review/route-template-map.csv,1726,840a5808b7e2be83fdfb5f645db5fa35d1ddaaa622aea97447188d3b4904b17e
sportswellness-phase-3/review/source-to-lesson-map.csv,4082,ba03b730051a52b5a670a989611334e006cdafff94868c0936a79f38739fc45d
sportswellness-phase-3/review/video-review.csv,13026,4e4ca9740e08fccb318a30ed397d5206aa5639f323204e362bda005cd0df79fd
sportswellness-phase-3/runtime.js,43373,18e3329c4628f7b36bfebf03448787def4ecd8d9b1d10e3e3a494dfade23caab
sportswellness-phase-3/styles.css,105018,b5f0822a0ec80c4d854ba8e7a97bc5234d283813ffb78a5fa9e35aba8d0c63ea
sportswellness-phase-4/README.md,934,9bebdf83ea50ee3c8949dfbf1e722538444f3fa7b86b1bac4f71063e5bcfd893
sportswellness-phase-4/assets/figures/phase4-cba-routine.svg,2748,a4e26d1f2cdb50527897bb360251e8c3798ab44e9cc07af66bf69019c7904fc5
sportswellness-phase-4/assets/figures/phase4-chapter-map.svg,2858,47d418296a74326e0e64cd8189782db1270a60cfb786e3cb08c5bac98a063d80
sportswellness-phase-4/assets/figures/phase4-confidence-account.svg,2558,694bbf8f8d3a8f9c061966f2182589217d5b76949ed21f55bca129d33686714c
sportswellness-phase-4/assets/figures/phase4-flat-tire-drill.svg,2975,7a514af0c5e32537083fbc0d0cb6f394931b976cb0dca31f1d207dbb8b113d43
sportswellness-phase-4/assets/figures/phase4-mental-cinema.svg,2840,0358ef2bacae7f29969401e14805b92a66525ffe16baddfc232c7278cb8f1c79
sportswellness-phase-4/assets/game/SOURCE-AND-LICENSE.md,659,1fef2671d7d27ac25a67c4dcf646c5e681ec81260dd81b6972d8da8af3f1fd9b
sportswellness-phase-4/assets/game/bridge.js,5702,50a7350ba83e8c8b77a07c7437049a8aa4829a853965b060d98f81f679c3df5e
sportswellness-phase-4/assets/game/controls.css,2384,3ce17ac58e2d2288cc473fdc63a68c91db76650a78b6460a3fea188a27a80e73
sportswellness-phase-4/assets/game/game.js,27339,ff8e71417b88485ef650776aff0972773dafb4718a62e0b49d71a2fb16438d2d
sportswellness-phase-4/assets/game/game.source.jsx,23736,21bf0b94972936b6587c114b0378336c47b21a50e083ac513841fd93bc067fd9
sportswellness-phase-4/assets/game/index.html,1260,da4ae4dfdf75e139d1be72306b820ef7e095bb9d6267aaab2fd22aff488fbcb2
sportswellness-phase-4/assets/game/react-local.js,1126309,510c116445b704631300cb52a1660df58eb2654b34f75face1961ca8a955c5b5
sportswellness-phase-4/assets/game/scale.js,2162,0f296e9351353101127fb52b2167e0536dde617765d52c489e850f1e445da6c8
sportswellness-phase-4/assets/game/theme.css,5687,40263de60b6f04c08f89cbdda67a4886e353cf27cf597738395aa92dca1c7a62
sportswellness-phase-4/assets/game/utilities.css,24680,acc0c3948e207befb7a0a49209fd6bb7d30a9a17c484aebb16bef97f17fe3ad7
sportswellness-phase-4/assets/readings/phase4-toolkit-reading.pdf,141790,708a6c09f25f3fba767d23dd890eb3ba69f3ec5407cfcc030acae323aefc3c8f
sportswellness-phase-4/assets/school/next-step-logo.png,53313,9ed7b47ad131ec598ae77fdb4650c95658dcab6fa1db6e6630c2fe7809b25ec8
sportswellness-phase-4/index.html,191548,d8a7f23a77c20312ba0bc2785bd2c681d15e174374dd469d78a189b82453d526
sportswellness-phase-4/review/ANSWER_KEYS.md,6989,79ad02c562401aae021b97bf91cc5173f7a63b03dbfeff930a5205cf1d6f675d
sportswellness-phase-4/review/CONTENT_CHANGE_RECORD.md,2650,7c9f84ae7eb46932e92e63cd19ee9b709d7d290a1a6745ba5b67c73e3449ff38
sportswellness-phase-4/review/READINESS.json,1521,5986de459425b395cd794983eb1e20a79f549862d24bec1cd48d25b837ad331d
sportswellness-phase-4/review/VISUAL_AND_TEST_REPORT.md,1225,d6e070f92a16c73e7f24d94053bab5633f05c1f60f6cdc2fd13e1f53a350b0c8
sportswellness-phase-4/review/acceptance-checklist.csv,1126,22fddf27ff88440decca98fab63b36e622e754635c32d3fd1b8f760472450e55
sportswellness-phase-4/review/asset-review.csv,2308,4c257199fdb4dac4f63df638077e5cb7439cacdc8243e83c462537cafd220502
sportswellness-phase-4/review/assignment-field-map.csv,18488,6e56bfebe66cb4a5afe1e6f314bcb03fdda520a7e0033df55942918e703ed1e0
sportswellness-phase-4/review/authored-content.json,66382,703ee068bb0af8b596fb4e00f48569ffc65f16a42b07259288080097b8050e39
sportswellness-phase-4/review/checkpoint-provenance-and-key.json,16900,c6f7189ffed322e5245e10a9d930d734345763d947aa8778ca57b33f30a8282b
sportswellness-phase-4/review/curriculum-evidence-map.csv,2824,196bad72186ccdc034eb88de8b8580d36989aa26493a5ec5138785bc8f27e0d3
sportswellness-phase-4/review/new-evidence-fields.json,584,062820e772ca6f473844b519294ee0b6a5649a67db20ceec8a21d25eb7194ca1
sportswellness-phase-4/review/original-teaching-sections.json,25381,255ae3ffee25ccb2b09f5536123e73d99bb29d58563cfd9cd3fb2380e35f0a2c
sportswellness-phase-4/review/phase-config.json,1093,be5cfa8f2bd16099441fdae455d38f97891b12ad9b7ab337ab3d4064f813e86f
sportswellness-phase-4/review/phase4-interaction-results.csv,2021,debd8cffb3a253ef3a89feb6fda7bf0cdff993538538aecc97a00542a9ddbdc4
sportswellness-phase-4/review/phase4-route-results.csv,4151,aa7638bff017cfc66283a4786eca2bdd35ac4be9741de53422b3af424298c05b
sportswellness-phase-4/review/question-provenance.csv,29070,e3823321a2b87b9b758c83fb088927d2dbd05ffc170f7b5cca8a714b434f3297
sportswellness-phase-4/review/reading-source.html,84337,bf48296d3322269887818688e6530b47db27e75f489a4ebdf0dbcb406175364e
sportswellness-phase-4/review/reading-workload.csv,1445,a67c46ab97e807e336b1ac18a8a7e4fd5f26a83887b07fecbbb1eb89b021bbb0
sportswellness-phase-4/review/route-template-map.csv,1726,e5712dcc865b1d2584d27fe3db0149e6f288a425a781c1a1fc10caa6b20fede5
sportswellness-phase-4/review/source-to-lesson-map.csv,4706,39418ade2519206efd7cea4587237c1010ae417fe7eb96ad185e589d52bab769
sportswellness-phase-4/review/video-review.csv,13026,4e4ca9740e08fccb318a30ed397d5206aa5639f323204e362bda005cd0df79fd
sportswellness-phase-4/runtime.js,43373,18e3329c4628f7b36bfebf03448787def4ecd8d9b1d10e3e3a494dfade23caab
sportswellness-phase-4/styles.css,105018,b5f0822a0ec80c4d854ba8e7a97bc5234d283813ffb78a5fa9e35aba8d0c63ea
start_preview.py,805,e0b92e7686f67e6d2d9ce02d4d1fab760c313c56f7e0396317cad2a444c7937a
